v -0.188629 0.178132 -0.378723
v -0.188629 0.198824 -0.378723
v -0.187689 0.176251 -0.377783
v -0.187689 0.199764 -0.376842
v -0.185808 0.182835 -0.374961
v -0.185808 0.196002 -0.374961
v -0.184867 0.181894 -0.37402
v -0.179224 0.176251 -0.366496
v 0.174408 0.341781 -0.365556
v 0.168765 0.342722 -0.365556
v 0.173468 0.342722 -0.365556
v 0.167825 0.341781 -0.364615
v 0.176289 0.342722 -0.364615
v -0.176403 0.180013 -0.363675
v 0.17723 0.341781 -0.363675
v 0.165944 0.342722 -0.363675
v -0.039088 0.178132 -0.361794
v -0.039088 0.198824 -0.361794
v 0.164063 0.341781 -0.361794
v 0.164063 0.341781 -0.360853
v -0.039088 0.176251 -0.359913
v -0.039088 0.199764 -0.359913
v -0.039088 0.182835 -0.358972
v -0.039088 0.196002 -0.358972
v -0.039088 0.181894 -0.358032
v 0.23366 0.342722 -0.35521
v 0.23272 0.341781 -0.35427
v 0.235541 0.341781 -0.35427
v 0.237422 0.342722 -0.35427
v -0.039088 0.176251 -0.350508
v 0.243065 0.342722 -0.350508
v 0.244006 0.341781 -0.348627
v 0.176289 0.365294 -0.348627
v -0.039088 0.180013 -0.347686
v 0.180051 0.364354 -0.347686
v 0.169706 0.365294 -0.347686
v 0.244947 0.342722 -0.346746
v 0.180992 0.363413 -0.346746
v 0.165944 0.364354 -0.346746
v 0.180051 0.365294 -0.346746
v 0.176289 0.367175 -0.346746
v 0.244006 0.341781 -0.345805
v 0.164063 0.363413 -0.344865
v 0.169706 0.367175 -0.344865
v 0.166884 0.366235 -0.343924
v -0.039088 0.132988 -0.342984
v 0.164063 0.362473 -0.342984
v 0.164063 0.365294 -0.342984
v 0.222374 0.364354 -0.342043
v 0.221434 0.363413 -0.341103
v 0.226136 0.365294 -0.341103
v -0.036266 0.131107 -0.340162
v -0.041909 0.132988 -0.340162
v -0.039088 0.135809 -0.340162
v 0.221434 0.365294 -0.340162
v -0.039088 0.132988 -0.339222
v 0.224255 0.367175 -0.339222
v 0.23366 0.365294 -0.33546
v 0.23272 0.367175 -0.333578
v 0.237422 0.364354 -0.329816
v 0.23366 0.178132 -0.328876
v 0.23366 0.198824 -0.328876
v 0.235541 0.365294 -0.328876
v 0.23272 0.176251 -0.327935
v 0.236482 0.363413 -0.327935
v -0.136901 0.000376 -0.326995
v -0.039088 0.04458 -0.326995
v 0.232158 0.202026 -0.326796
v -0.13502 0.000376 -0.326054
v 0.228958 0.182835 -0.326054
v 0.228958 0.196002 -0.326054
v -0.036266 0.046461 -0.325114
v 0.228017 0.181894 -0.325114
v -0.133139 0.001316 -0.324173
v -0.037207 0.131107 -0.324173
v -0.041909 0.043639 -0.323233
v -0.039088 0.04552 -0.322292
v -0.041909 0.132988 -0.322292
v -0.039088 0.135809 -0.322292
v 0.218612 0.176251 -0.321352
v -0.040969 0.132988 -0.320411
v -0.039088 0.000376 -0.319471
v 0.215791 0.180013 -0.31853
v -0.039088 0.000376 -0.31759
v 0.133966 0.271243 -0.31759
v 0.194159 0.271243 -0.31759
v 0.21485 0.133928 -0.316649
v 0.133966 0.261838 -0.316649
v 0.194159 0.261838 -0.316649
v 0.133966 0.281589 -0.316649
v 0.194159 0.281589 -0.316649
v -0.039088 0.001316 -0.315709
v -0.037207 0.046461 -0.314768
v 0.21485 0.132047 -0.314768
v 0.133966 0.252433 -0.313828
v 0.194159 0.252433 -0.313828
v 0.133966 0.290053 -0.313828
v 0.194159 0.290053 -0.313828
v 0.212969 0.13675 -0.312887
v -0.041909 0.043639 -0.311947
v -0.036266 0.657793 -0.311006
v -0.040969 0.04552 -0.310066
v 0.061547 0.337079 -0.310066
v 0.064368 0.337079 -0.310066
v 0.061547 0.619232 -0.310066
v 0.064368 0.619232 -0.310066
v 0.105751 0.271243 -0.309125
v 0.1603 0.271243 -0.309125
v 0.168765 0.271243 -0.309125
v 0.220493 0.271243 -0.309125
v 0.191337 0.35683 -0.309125
v 0.191337 0.383164 -0.309125
v -0.02498 0.653091 -0.309125
v -0.038147 0.658734 -0.309125
v 0.133966 0.244909 -0.308185
v 0.194159 0.244909 -0.308185
v 0.106691 0.261838 -0.308185
v 0.15936 0.261838 -0.308185
v 0.169706 0.261838 -0.308185
v 0.220493 0.261838 -0.308185
v 0.106691 0.281589 -0.308185
v 0.15936 0.281589 -0.308185
v 0.169706 0.281589 -0.308185
v 0.220493 0.281589 -0.308185
v 0.133966 0.297577 -0.308185
v 0.194159 0.297577 -0.308185
v 0.063428 0.334257 -0.308185
v 0.190397 0.385985 -0.308185
v 0.063428 0.621113 -0.308185
v 0.211088 0.04552 -0.307244
v 0.164063 0.271243 -0.307244
v 0.191337 0.385985 -0.307244
v 0.188516 0.387866 -0.306304
v -0.023099 0.65215 -0.306304
v -0.039088 0.656853 -0.306304
v 0.207326 0.047401 -0.305363
v 0.108572 0.252433 -0.305363
v 0.157479 0.252433 -0.305363
v 0.171587 0.252433 -0.305363
v 0.218612 0.252433 -0.305363
v 0.164063 0.261838 -0.305363
v 0.164063 0.281589 -0.305363
v 0.108572 0.290053 -0.305363
v 0.157479 0.290053 -0.305363
v 0.171587 0.290053 -0.305363
v 0.218612 0.290053 -0.305363
v 0.208267 0.043639 -0.304423
v 0.156538 0.131107 -0.304423
v 0.072833 0.337079 -0.304423
v 0.192278 0.387866 -0.304423
v 0.072833 0.619232 -0.304423
v 0.211088 0.000376 -0.303482
v 0.154657 0.135809 -0.303482
v -0.025921 0.65121 -0.303482
v 0.071892 0.334257 -0.302542
v 0.071892 0.621113 -0.302542
v 0.210148 0.000376 -0.301601
v 0.110453 0.244909 -0.301601
v 0.155598 0.244909 -0.301601
v 0.174408 0.244909 -0.301601
v 0.216731 0.244909 -0.301601
v 0.110453 0.297577 -0.301601
v 0.155598 0.297577 -0.301601
v 0.174408 0.297577 -0.301601
v 0.216731 0.297577 -0.301601
v 0.105751 0.047401 -0.300661
v 0.153717 0.132988 -0.300661
v 0.164063 0.252433 -0.300661
v 0.164063 0.290053 -0.300661
v 0.073773 0.337079 -0.300661
v 0.073773 0.619232 -0.300661
v 0.208267 0.001316 -0.29972
v 0.111394 0.313566 -0.29878
v 0.111394 0.315447 -0.29878
v 0.102929 0.043639 -0.297839
v 0.110453 0.310745 -0.297839
v 0.110453 0.317328 -0.297839
v 0.091643 0.271243 -0.296899
v 0.240244 0.271243 -0.296899
v 0.108572 0.308864 -0.296899
v 0.113275 0.312626 -0.296899
v 0.113275 0.316388 -0.296899
v 0.108572 0.319209 -0.296899
v 0.101048 0.04552 -0.295958
v 0.092584 0.261838 -0.295958
v 0.239303 0.261838 -0.295958
v 0.092584 0.281589 -0.295958
v 0.239303 0.281589 -0.295958
v 0.112334 0.309804 -0.295958
v 0.112334 0.319209 -0.295958
v 0.156538 0.331436 -0.295958
v 0.156538 0.35683 -0.295958
v 0.106691 0.307923 -0.295017
v 0.110453 0.307923 -0.295017
v 0.106691 0.32015 -0.295017
v 0.110453 0.32109 -0.295017
v 0.164063 0.244909 -0.294077
v 0.095405 0.252433 -0.294077
v 0.237422 0.252433 -0.294077
v 0.095405 0.290053 -0.294077
v 0.237422 0.290053 -0.294077
v 0.164063 0.297577 -0.294077
v 0.153717 0.331436 -0.294077
v 0.153717 0.358711 -0.294077
v 0.153717 0.385985 -0.294077
v 0.154657 0.387866 -0.294077
v 0.156538 0.388807 -0.294077
v 0.15936 0.388807 -0.294077
v 0.093524 0.306042 -0.293136
v 0.097286 0.306042 -0.293136
v 0.107632 0.306042 -0.293136
v 0.115156 0.312626 -0.293136
v 0.115156 0.316388 -0.293136
v 0.107632 0.322031 -0.293136
v 0.155598 0.329555 -0.293136
v 0.093524 0.619232 -0.293136
v 0.097286 0.619232 -0.293136
v 0.057785 0.912672 -0.293136
v 0.098227 0.244909 -0.292196
v 0.23366 0.244909 -0.292196
v 0.098227 0.297577 -0.292196
v 0.23366 0.297577 -0.292196
v 0.10387 0.307923 -0.292196
v 0.114215 0.309804 -0.292196
v 0.114215 0.319209 -0.292196
v 0.10387 0.32015 -0.292196
v 0.109513 0.337079 -0.292196
v 0.111394 0.337079 -0.292196
v 0.055904 0.913612 -0.292196
v 0.133966 0.22892 -0.291255
v 0.194159 0.22892 -0.291255
v 0.095405 0.304161 -0.291255
v 0.133966 0.315447 -0.291255
v 0.194159 0.315447 -0.291255
v 0.112334 0.336138 -0.291255
v 0.113275 0.337079 -0.291255
v 0.095405 0.621113 -0.291255
v 0.070011 0.906088 -0.291255
v 0.057785 0.914553 -0.291255
v 0.10481 0.306042 -0.290315
v 0.113275 0.307923 -0.290315
v 0.113275 0.32109 -0.290315
v 0.10481 0.322031 -0.290315
v 0.110453 0.336138 -0.290315
v 0.114215 0.336138 -0.290315
v 0.106691 0.337079 -0.290315
v 0.086 0.271243 -0.289374
v 0.242125 0.271243 -0.289374
v 0.101048 0.307923 -0.289374
v 0.101048 0.32015 -0.289374
v 0.115156 0.337079 -0.289374
v 0.181932 0.388807 -0.289374
v 0.185694 0.388807 -0.289374
v 0.181932 0.392569 -0.289374
v 0.185694 0.392569 -0.289374
v 0.086941 0.261838 -0.288434
v 0.241184 0.261838 -0.288434
v 0.086941 0.281589 -0.288434
v 0.241184 0.281589 -0.288434
v 0.102929 0.306042 -0.288434
v 0.216731 0.331436 -0.288434
v 0.115156 0.335198 -0.288434
v 0.108572 0.336138 -0.288434
v 0.116096 0.336138 -0.288434
v 0.216731 0.35683 -0.288434
v 0.070952 0.905148 -0.288434
v 0.070011 0.907969 -0.288434
v 0.133966 0.227039 -0.287493
v 0.194159 0.227039 -0.287493
v 0.119858 0.22892 -0.287493
v 0.148074 0.22892 -0.287493
v 0.180992 0.22892 -0.287493
v 0.208267 0.22892 -0.287493
v 0.089762 0.252433 -0.287493
v 0.237422 0.252433 -0.287493
v 0.089762 0.290053 -0.287493
v 0.237422 0.290053 -0.287493
v 0.101989 0.306042 -0.287493
v 0.119858 0.315447 -0.287493
v 0.148074 0.315447 -0.287493
v 0.180992 0.315447 -0.287493
v 0.208267 0.315447 -0.287493
v 0.133966 0.316388 -0.287493
v 0.194159 0.316388 -0.287493
v 0.102929 0.322031 -0.287493
v 0.113275 0.335198 -0.287493
v 0.117037 0.335198 -0.287493
v 0.102929 0.337079 -0.287493
v 0.176289 0.388807 -0.287493
v 0.21485 0.388807 -0.287493
v 0.176289 0.392569 -0.287493
v 0.181932 0.39445 -0.287493
v 0.111394 0.306042 -0.286553
v 0.111394 0.322031 -0.286553
v 0.216731 0.329555 -0.286553
v 0.218612 0.331436 -0.286553
v 0.218612 0.358711 -0.286553
v 0.218612 0.385985 -0.286553
v 0.217672 0.387866 -0.286553
v 0.190397 0.388807 -0.286553
v 0.190397 0.392569 -0.286553
v 0.185694 0.39445 -0.286553
v 0.100108 0.304161 -0.285612
v 0.116096 0.331436 -0.285612
v 0.117977 0.331436 -0.285612
v 0.111394 0.335198 -0.285612
v 0.117977 0.335198 -0.285612
v 0.10481 0.336138 -0.285612
v 0.119858 0.337079 -0.285612
v 0.17817 0.39445 -0.285612
v 0.093524 0.244909 -0.284672
v 0.23366 0.244909 -0.284672
v 0.093524 0.297577 -0.284672
v 0.23366 0.297577 -0.284672
v 0.119858 0.331436 -0.284672
v 0.120799 0.336138 -0.284672
v 0.173468 0.388807 -0.284672
v 0.173468 0.392569 -0.284672
v 0.189456 0.39445 -0.284672
v 0.12174 0.227039 -0.283731
v 0.146193 0.227039 -0.283731
v 0.182873 0.227039 -0.283731
v 0.206386 0.227039 -0.283731
v 0.12174 0.316388 -0.283731
v 0.146193 0.316388 -0.283731
v 0.182873 0.316388 -0.283731
v 0.206386 0.316388 -0.283731
v 0.12174 0.337079 -0.283731
v 0.106691 0.354008 -0.283731
v 0.117977 0.366235 -0.283731
v 0.118918 0.366235 -0.283731
v 0.116096 0.367175 -0.283731
v 0.194159 0.388807 -0.283731
v 0.194159 0.392569 -0.283731
v 0.106691 0.619232 -0.283731
v 0.114215 0.331436 -0.282791
v 0.120799 0.331436 -0.282791
v 0.175349 0.39445 -0.282791
v 0.192278 0.39445 -0.282791
v 0.10481 0.621113 -0.282791
v 0.106691 0.306042 -0.28185
v 0.106691 0.322031 -0.28185
v 0.106691 0.335198 -0.28185
v 0.12268 0.335198 -0.28185
v 0.106691 0.358711 -0.28185
v 0.12174 0.365294 -0.28185
v 0.113275 0.367175 -0.28185
v 0.106691 0.619232 -0.28185
v -0.043791 0.656853 -0.28185
v -0.044731 0.658734 -0.28185
v 0.119858 0.331436 -0.28091
v 0.124561 0.336138 -0.28091
v 0.054963 0.654972 -0.28091
v -0.02404 0.655912 -0.28091
v 0.164063 0.235504 -0.279969
v 0.083179 0.261838 -0.279969
v 0.246828 0.261838 -0.279969
v 0.082238 0.271243 -0.279969
v 0.247768 0.271243 -0.279969
v 0.083179 0.281589 -0.279969
v 0.246828 0.281589 -0.279969
v 0.164063 0.307923 -0.279969
v 0.063428 0.653091 -0.279969
v -0.025921 0.655912 -0.279969
v 0.045558 0.656853 -0.279969
v 0.086 0.252433 -0.279029
v 0.244006 0.252433 -0.279029
v 0.086 0.290053 -0.279029
v 0.244006 0.290053 -0.279029
v 0.109513 0.331436 -0.279029
v 0.125502 0.331436 -0.279029
v 0.170646 0.388807 -0.279029
v 0.170646 0.392569 -0.279029
v -0.030623 0.65121 -0.279029
v 0.089762 0.244909 -0.278088
v 0.239303 0.244909 -0.278088
v 0.089762 0.297577 -0.278088
v 0.239303 0.297577 -0.278088
v 0.118918 0.331436 -0.278088
v 0.126442 0.332376 -0.278088
v 0.125502 0.364354 -0.278088
v 0.124561 0.378461 -0.278088
v 0.12268 0.379402 -0.278088
v 0.12174 0.380342 -0.278088
v 0.19604 0.388807 -0.278088
v 0.19604 0.392569 -0.278088
v 0.173468 0.39445 -0.278088
v 0.194159 0.39445 -0.278088
v -0.016516 0.65215 -0.278088
v 0.055904 0.660615 -0.278088
v 0.109513 0.22892 -0.277148
v 0.158419 0.22892 -0.277148
v 0.170646 0.22892 -0.277148
v 0.218612 0.22892 -0.277148
v 0.109513 0.315447 -0.277148
v 0.158419 0.315447 -0.277148
v 0.170646 0.315447 -0.277148
v 0.218612 0.315447 -0.277148
v 0.124561 0.331436 -0.277148
v 0.10387 0.358711 -0.277148
v 0.126442 0.37658 -0.277148
v 0.183813 0.39445 -0.277148
v 0.052142 0.647448 -0.277148
v -0.016516 0.65121 -0.277148
v 0.064368 0.658734 -0.277148
v 0.046499 0.661555 -0.277148
v 0.133966 0.225158 -0.276207
v 0.194159 0.225158 -0.276207
v 0.101989 0.307923 -0.276207
v 0.133966 0.319209 -0.276207
v 0.194159 0.319209 -0.276207
v 0.126442 0.332376 -0.276207
v 0.127383 0.364354 -0.276207
v 0.119858 0.381283 -0.276207
v 0.060606 0.645567 -0.276207
v 0.043677 0.650269 -0.276207
v -0.014635 0.65215 -0.276207
v 0.037093 0.657793 -0.276207
v 0.113275 0.227039 -0.275267
v 0.154657 0.227039 -0.275267
v 0.174408 0.227039 -0.275267
v 0.21485 0.227039 -0.275267
v 0.113275 0.316388 -0.275267
v 0.154657 0.316388 -0.275267
v 0.174408 0.316388 -0.275267
v 0.21485 0.316388 -0.275267
v 0.101989 0.335198 -0.275267
v 0.171587 0.388807 -0.275267
v 0.171587 0.392569 -0.275267
v 0.173468 0.39445 -0.275267
v 0.194159 0.39445 -0.275267
v 0.073773 0.650269 -0.275267
v 0.127383 0.225158 -0.274326
v 0.14055 0.225158 -0.274326
v 0.188516 0.225158 -0.274326
v 0.200742 0.225158 -0.274326
v 0.127383 0.319209 -0.274326
v 0.14055 0.319209 -0.274326
v 0.188516 0.319209 -0.274326
v 0.200742 0.319209 -0.274326
v 0.116096 0.331436 -0.274326
v 0.123621 0.331436 -0.274326
v 0.107632 0.369056 -0.274326
v 0.19604 0.388807 -0.274326
v 0.19604 0.392569 -0.274326
v 0.038034 0.662496 -0.274326
v 0.125502 0.332376 -0.273386
v 0.130204 0.361532 -0.273386
v 0.130204 0.373759 -0.273386
v 0.036153 0.653091 -0.273386
v 0.056844 0.667198 -0.273386
v 0.132085 0.372818 -0.272445
v 0.133026 0.387866 -0.272445
v 0.132085 0.389747 -0.272445
v 0.175349 0.39445 -0.272445
v 0.04838 0.638042 -0.272445
v 0.070952 0.642745 -0.272445
v 0.074714 0.656853 -0.272445
v 0.065309 0.666258 -0.272445
v 0.047439 0.668139 -0.272445
v 0.099167 0.335198 -0.271505
v 0.099167 0.354949 -0.271505
v 0.133966 0.385045 -0.271505
v 0.173468 0.388807 -0.271505
v 0.131145 0.390688 -0.271505
v 0.173468 0.392569 -0.271505
v 0.193218 0.39445 -0.271505
v 0.055904 0.635221 -0.271505
v 0.040856 0.641805 -0.271505
v 0.029569 0.658734 -0.271505
v -0.040969 0.225158 -0.270564
v -0.017456 0.254314 -0.270564
v 0.112334 0.331436 -0.270564
v 0.120799 0.331436 -0.270564
v 0.132085 0.358711 -0.270564
v 0.133966 0.369056 -0.270564
v 0.195099 0.388807 -0.270564
v 0.195099 0.392569 -0.270564
v 0.17723 0.39445 -0.270564
v 0.038975 0.667198 -0.270564
v 0.12268 0.225158 -0.269624
v 0.145252 0.225158 -0.269624
v 0.183813 0.225158 -0.269624
v 0.205445 0.225158 -0.269624
v 0.093524 0.304161 -0.269624
v 0.12268 0.319209 -0.269624
v 0.145252 0.319209 -0.269624
v 0.183813 0.319209 -0.269624
v 0.205445 0.319209 -0.269624
v 0.097286 0.336138 -0.269624
v 0.098227 0.352127 -0.269624
v 0.136788 0.377521 -0.269624
v 0.135847 0.379402 -0.269624
v 0.129264 0.392569 -0.269624
v 0.190397 0.39445 -0.269624
v 0.034272 0.646507 -0.269624
v 0.029569 0.654972 -0.269624
v 0.03051 0.661555 -0.269624
v -0.043791 0.223277 -0.268683
v -0.045672 0.226098 -0.268683
v 0.12268 0.332376 -0.268683
v 0.132085 0.358711 -0.268683
v 0.134907 0.364354 -0.268683
v 0.137728 0.371878 -0.268683
v 0.176289 0.388807 -0.268683
v 0.176289 0.392569 -0.268683
v 0.180051 0.39445 -0.268683
v 0.187575 0.39445 -0.268683
v 0.081298 0.648388 -0.268683
v -0.058839 0.240206 -0.267743
v 0.096346 0.306042 -0.267743
v 0.096346 0.322031 -0.267743
v 0.14055 0.380342 -0.267743
v 0.114215 0.383164 -0.267743
v 0.192278 0.388807 -0.267743
v 0.14055 0.389747 -0.267743
v 0.192278 0.392569 -0.267743
v 0.14055 0.39351 -0.267743
v 0.183813 0.39445 -0.267743
v 0.139609 0.395391 -0.267743
v 0.096346 0.598541 -0.267743
v 0.066249 0.632399 -0.267743
v 0.075654 0.664377 -0.267743
v 0.03051 0.665317 -0.267743
v 0.047439 0.673782 -0.267743
v 0.056844 0.674722 -0.267743
v -0.059779 0.237385 -0.266802
v -0.040028 0.271243 -0.266802
v 0.092584 0.325793 -0.266802
v 0.107632 0.331436 -0.266802
v 0.117037 0.331436 -0.266802
v 0.131145 0.358711 -0.266802
v 0.134907 0.363413 -0.266802
v 0.137728 0.367175 -0.266802
v 0.142431 0.372818 -0.266802
v 0.14055 0.373759 -0.266802
v 0.142431 0.380342 -0.266802
v 0.14055 0.383164 -0.266802
v 0.142431 0.383164 -0.266802
v 0.142431 0.385985 -0.266802
v 0.180051 0.388807 -0.266802
v 0.187575 0.388807 -0.266802
v 0.180051 0.392569 -0.266802
v 0.187575 0.392569 -0.266802
v 0.138669 0.397272 -0.266802
v 0.092584 0.594779 -0.266802
v 0.043677 0.629578 -0.266802
v 0.037093 0.635221 -0.266802
v 0.027688 0.65121 -0.266802
v 0.066249 0.673782 -0.266802
v 0.136788 0.365294 -0.265862
v 0.142431 0.367175 -0.265862
v 0.139609 0.368116 -0.265862
v 0.10387 0.369997 -0.265862
v 0.142431 0.387866 -0.265862
v 0.183813 0.388807 -0.265862
v 0.183813 0.392569 -0.265862
v 0.078476 0.639924 -0.265862
v 0.03145 0.640864 -0.265862
v 0.082238 0.654972 -0.265862
v 0.022986 0.659674 -0.265862
v 0.038034 0.671901 -0.265862
v 0.058725 0.882575 -0.265862
v 0.10481 0.332376 -0.264921
v 0.118918 0.332376 -0.264921
v 0.133026 0.361532 -0.264921
v 0.14149 0.364354 -0.264921
v 0.139609 0.366235 -0.264921
v 0.050261 0.625816 -0.264921
v 0.022986 0.657793 -0.264921
v 0.022986 0.660615 -0.264921
v 0.03051 0.668139 -0.264921
v 0.059666 0.881635 -0.264921
v 0.134907 0.363413 -0.263981
v 0.10387 0.369997 -0.263981
v 0.145252 0.388807 -0.263981
v 0.136788 0.399153 -0.263981
v 0.026748 0.647448 -0.263981
v 0.022045 0.655912 -0.263981
v 0.022986 0.662496 -0.263981
v 0.079417 0.710462 -0.263981
v 0.059666 0.882575 -0.263981
v 0.134907 0.224217 -0.26304
v 0.194159 0.224217 -0.26304
v 0.12174 0.225158 -0.26304
v 0.147133 0.225158 -0.26304
v 0.181932 0.225158 -0.26304
v 0.207326 0.225158 -0.26304
v 0.110453 0.227039 -0.26304
v 0.157479 0.227039 -0.26304
v 0.170646 0.227039 -0.26304
v 0.217672 0.227039 -0.26304
v 0.105751 0.22892 -0.26304
v 0.162182 0.22892 -0.26304
v 0.166884 0.22892 -0.26304
v 0.222374 0.22892 -0.26304
v 0.164063 0.230801 -0.26304
v 0.086 0.244909 -0.26304
v 0.088822 0.244909 -0.26304
v 0.239303 0.244909 -0.26304
v 0.083179 0.252433 -0.26304
v 0.244006 0.252433 -0.26304
v 0.080357 0.261838 -0.26304
v 0.248709 0.261838 -0.26304
v 0.079417 0.271243 -0.26304
v 0.249649 0.271243 -0.26304
v 0.080357 0.281589 -0.26304
v 0.248709 0.281589 -0.26304
v 0.083179 0.290053 -0.26304
v 0.244006 0.290053 -0.26304
v 0.086 0.297577 -0.26304
v 0.088822 0.297577 -0.26304
v 0.239303 0.297577 -0.26304
v 0.164063 0.312626 -0.26304
v 0.105751 0.315447 -0.26304
v 0.162182 0.315447 -0.26304
v 0.166884 0.315447 -0.26304
v 0.222374 0.315447 -0.26304
v 0.110453 0.316388 -0.26304
v 0.157479 0.316388 -0.26304
v 0.170646 0.316388 -0.26304
v 0.217672 0.316388 -0.26304
v 0.12174 0.319209 -0.26304
v 0.147133 0.319209 -0.26304
v 0.181932 0.319209 -0.26304
v 0.207326 0.319209 -0.26304
v 0.134907 0.32015 -0.26304
v 0.194159 0.32015 -0.26304
v 0.112334 0.331436 -0.26304
v 0.14149 0.331436 -0.26304
v 0.10387 0.333317 -0.26304
v 0.14149 0.358711 -0.26304
v 0.075654 0.671901 -0.26304
v 0.06719 0.876932 -0.26304
v 0.04838 0.913612 -0.26304
v 0.04932 0.914553 -0.26304
v 0.143371 0.329555 -0.2621
v 0.128323 0.358711 -0.2621
v 0.14055 0.362473 -0.2621
v 0.137728 0.364354 -0.2621
v 0.059666 0.622994 -0.2621
v 0.073773 0.630518 -0.2621
v 0.033331 0.631459 -0.2621
v 0.028629 0.638042 -0.2621
v 0.021105 0.654031 -0.2621
v 0.022986 0.663436 -0.2621
v -0.02404 0.209169 -0.261159
v 0.143371 0.331436 -0.261159
v 0.114215 0.332376 -0.261159
v 0.143371 0.358711 -0.261159
v 0.129264 0.360592 -0.261159
v 0.149955 0.388807 -0.261159
v 0.12268 0.392569 -0.261159
v 0.150895 0.39445 -0.261159
v 0.150895 0.398212 -0.261159
v 0.150895 0.401034 -0.261159
v 0.038975 0.625816 -0.261159
v 0.024867 0.645567 -0.261159
v 0.021105 0.653091 -0.261159
v 0.082238 0.663436 -0.261159
v 0.022045 0.664377 -0.261159
v 0.028629 0.67002 -0.261159
v 0.045558 0.680366 -0.261159
v 0.054963 0.682247 -0.261159
v 0.063428 0.682247 -0.261159
v 0.06813 0.875992 -0.261159
v 0.06719 0.877873 -0.261159
v 0.004176 0.232682 -0.260219
v 0.109513 0.332376 -0.260219
v 0.142431 0.361532 -0.260219
v 0.110453 0.383164 -0.260219
v 0.150895 0.388807 -0.260219
v 0.149955 0.402915 -0.260219
v 0.020164 0.653091 -0.260219
v 0.018283 0.659674 -0.260219
v 0.036153 0.675663 -0.260219
v -0.025921 0.206348 -0.259278
v -0.022159 0.207288 -0.259278
v 0.108572 0.333317 -0.259278
v 0.131145 0.362473 -0.259278
v 0.086941 0.646507 -0.259278
v 0.021105 0.664377 -0.259278
v 0.164063 0.354008 -0.258338
v 0.124561 0.358711 -0.258338
v 0.164063 0.358711 -0.258338
v 0.162182 0.359651 -0.258338
v 0.109513 0.381283 -0.258338
v 0.156538 0.396331 -0.258338
v 0.156538 0.400093 -0.258338
v 0.156538 0.402915 -0.258338
v 0.045558 0.621113 -0.258338
v 0.022986 0.644626 -0.258338
v 0.019224 0.653091 -0.258338
v 0.020164 0.664377 -0.258338
v 0.006057 0.229861 -0.257397
v 0.125502 0.360592 -0.257397
v 0.133966 0.363413 -0.257397
v 0.156538 0.388807 -0.257397
v 0.202624 0.388807 -0.257397
v 0.156538 0.404796 -0.257397
v 0.148074 0.405736 -0.257397
v 0.025807 0.637102 -0.257397
v 0.084119 0.638042 -0.257397
v 0.018283 0.654031 -0.257397
v 0.087881 0.654031 -0.257397
v 0.196021 0.201753 -0.256465
v 0.12268 0.225158 -0.256457
v 0.145252 0.225158 -0.256457
v 0.183813 0.225158 -0.256457
v 0.205445 0.225158 -0.256457
v 0.007938 0.232682 -0.256457
v 0.12268 0.319209 -0.256457
v 0.145252 0.319209 -0.256457
v 0.183813 0.319209 -0.256457
v 0.205445 0.319209 -0.256457
v 0.183813 0.354008 -0.256457
v 0.183813 0.358711 -0.256457
v 0.185694 0.359651 -0.256457
v 0.06813 0.621113 -0.256457
v 0.018283 0.654972 -0.256457
v 0.019224 0.663436 -0.256457
v 0.204505 0.329555 -0.255516
v 0.110453 0.361532 -0.255516
v 0.127383 0.362473 -0.255516
v 0.204505 0.387866 -0.255516
v 0.163122 0.397272 -0.255516
v 0.163122 0.401034 -0.255516
v 0.163122 0.403855 -0.255516
v 0.029569 0.629578 -0.255516
v 0.021105 0.645567 -0.255516
v 0.017343 0.656853 -0.255516
v 0.018283 0.662496 -0.255516
v 0.025807 0.67096 -0.255516
v 0.081298 0.671901 -0.255516
v 0.206386 0.331436 -0.254576
v 0.119858 0.358711 -0.254576
v 0.206386 0.358711 -0.254576
v 0.206386 0.385985 -0.254576
v 0.163122 0.388807 -0.254576
v 0.131145 0.400093 -0.254576
v 0.163122 0.406677 -0.254576
v 0.154657 0.408558 -0.254576
v 0.054023 0.617351 -0.254576
v 0.06719 0.620173 -0.254576
v 0.069071 0.621113 -0.254576
v 0.016402 0.658734 -0.254576
v 0.016402 0.660615 -0.254576
v 0.017343 0.661555 -0.254576
v 0.204505 0.331436 -0.253635
v 0.114215 0.358711 -0.253635
v 0.116096 0.358711 -0.253635
v 0.204505 0.358711 -0.253635
v 0.130204 0.363413 -0.253635
v 0.117037 0.390688 -0.253635
v 0.168765 0.398212 -0.253635
v 0.168765 0.401974 -0.253635
v 0.168765 0.404796 -0.253635
v 0.064368 0.619232 -0.253635
v 0.034272 0.623935 -0.253635
v 0.079417 0.628637 -0.253635
v 0.12174 0.361532 -0.252694
v 0.168765 0.388807 -0.252694
v 0.168765 0.407617 -0.252694
v 0.022986 0.637102 -0.252694
v 0.019224 0.646507 -0.252694
v 0.086941 0.662496 -0.252694
v 0.03145 0.676604 -0.252694
v 0.04838 0.686009 -0.252694
v 0.054963 0.686949 -0.252694
v 0.061547 0.686949 -0.252694
v 0.026748 0.714224 -0.252694
v 0.121704 0.197478 -0.251774
v 0.19604 0.218574 -0.251754
v 0.127383 0.225158 -0.251754
v 0.14055 0.225158 -0.251754
v 0.188516 0.225158 -0.251754
v 0.200742 0.225158 -0.251754
v -0.077649 0.241147 -0.251754
v -0.077649 0.244909 -0.251754
v 0.127383 0.319209 -0.251754
v 0.14055 0.319209 -0.251754
v 0.188516 0.319209 -0.251754
v 0.200742 0.319209 -0.251754
v 0.114215 0.369056 -0.251754
v 0.116096 0.388807 -0.251754
v 0.175349 0.398212 -0.251754
v 0.175349 0.401974 -0.251754
v 0.162182 0.409498 -0.251754
v 0.023926 0.67002 -0.251754
v 0.113275 0.227039 -0.250813
v 0.154657 0.227039 -0.250813
v 0.174408 0.227039 -0.250813
v 0.21485 0.227039 -0.250813
v 0.113275 0.316388 -0.250813
v 0.154657 0.316388 -0.250813
v 0.174408 0.316388 -0.250813
v 0.21485 0.316388 -0.250813
v 0.123621 0.363413 -0.250813
v 0.118918 0.364354 -0.250813
v 0.117037 0.365294 -0.250813
v 0.175349 0.388807 -0.250813
v 0.039915 0.619232 -0.250813
v -0.02498 0.199764 -0.249873
v -0.022159 0.199764 -0.249873
v 0.133966 0.225158 -0.249873
v 0.194159 0.225158 -0.249873
v 0.133966 0.319209 -0.249873
v 0.194159 0.319209 -0.249873
v 0.181932 0.397272 -0.249873
v 0.181932 0.401034 -0.249873
v 0.167825 0.411379 -0.249873
v 0.073773 0.621113 -0.249873
v 0.025807 0.630518 -0.249873
v 0.018283 0.649329 -0.249873
v 0.109513 0.22892 -0.248932
v 0.158419 0.22892 -0.248932
v 0.170646 0.22892 -0.248932
v 0.218612 0.22892 -0.248932
v -0.07953 0.241147 -0.248932
v -0.08047 0.244909 -0.248932
v 0.109513 0.315447 -0.248932
v 0.158419 0.315447 -0.248932
v 0.170646 0.315447 -0.248932
v 0.218612 0.315447 -0.248932
v 0.126442 0.364354 -0.248932
v 0.120799 0.366235 -0.248932
v 0.181932 0.388807 -0.248932
v 0.175349 0.410439 -0.248932
v 0.061547 0.616411 -0.248932
v 0.090703 0.645567 -0.248932
v 0.021105 0.668139 -0.248932
v 0.088822 0.244909 -0.247992
v 0.119858 0.368116 -0.247992
v 0.117977 0.373759 -0.247992
v 0.14149 0.406677 -0.247992
v 0.075654 0.621113 -0.247992
v 0.087881 0.637102 -0.247992
v 0.021105 0.639924 -0.247992
v 0.017343 0.653091 -0.247992
v 0.080357 0.679425 -0.247992
v -0.017456 0.199764 -0.247051
v 0.12268 0.218574 -0.247051
v 0.08506 0.252433 -0.247051
v -0.000527 0.280648 -0.247051
v 0.188516 0.396331 -0.247051
v 0.124561 0.397272 -0.247051
v 0.188516 0.400093 -0.247051
v 0.181932 0.410439 -0.247051
v 0.074714 0.621113 -0.247051
v 0.091643 0.653091 -0.247051
v 0.018283 0.665317 -0.247051
v 0.027688 0.675663 -0.247051
v 0.164063 0.235504 -0.246111
v 0.164063 0.307923 -0.246111
v 0.123621 0.368116 -0.246111
v 0.188516 0.388807 -0.246111
v 0.04838 0.61547 -0.246111
v 0.029569 0.624875 -0.246111
v 0.016402 0.656853 -0.246111
v 0.016402 0.662496 -0.246111
v 0.08506 0.67002 -0.246111
v 0.06719 0.686949 -0.246111
v -0.066363 0.278767 -0.24517
v 0.12268 0.369997 -0.24517
v 0.12268 0.39445 -0.24517
v 0.174408 0.41326 -0.24517
v 0.084119 0.629578 -0.24517
v 0.015462 0.660615 -0.24517
v -0.025921 0.196002 -0.24423
v -0.000527 0.282529 -0.24423
v -0.019337 0.292875 -0.24423
v 0.12174 0.37658 -0.24423
v 0.188516 0.409498 -0.24423
v 0.019224 0.643686 -0.24423
v 0.047439 0.68789 -0.24423
v 0.053082 0.68883 -0.24423
v 0.057785 0.68883 -0.24423
v 0.149014 0.410439 -0.243289
v 0.180992 0.41232 -0.243289
v 0.022986 0.63334 -0.243289
v 0.039915 0.686949 -0.243289
v -0.063541 0.211991 -0.242349
v 0.12174 0.227039 -0.242349
v 0.146193 0.227039 -0.242349
v 0.182873 0.227039 -0.242349
v 0.206386 0.227039 -0.242349
v 0.12174 0.316388 -0.242349
v 0.146193 0.316388 -0.242349
v 0.182873 0.316388 -0.242349
v 0.206386 0.316388 -0.242349
v 0.193218 0.388807 -0.242349
v 0.035212 0.620173 -0.242349
v 0.090703 0.660615 -0.242349
v 0.023926 0.671901 -0.242349
v -0.021218 0.196002 -0.241408
v -0.06166 0.209169 -0.241408
v 0.093524 0.244909 -0.241408
v 0.23366 0.244909 -0.241408
v -0.016516 0.292875 -0.241408
v 0.093524 0.297577 -0.241408
v 0.23366 0.297577 -0.241408
v 0.193218 0.363413 -0.241408
v 0.198861 0.363413 -0.241408
v 0.197921 0.387866 -0.241408
v 0.198861 0.387866 -0.241408
v 0.055904 0.61453 -0.241408
v 0.074714 0.683187 -0.241408
v -0.031564 0.196002 -0.240468
v -0.039088 0.199764 -0.240468
v -0.064482 0.21105 -0.240468
v -0.069184 0.278767 -0.240468
v 0.200742 0.365294 -0.240468
v 0.200742 0.385985 -0.240468
v 0.200742 0.386926 -0.240468
v 0.198861 0.387866 -0.240468
v 0.200742 0.391628 -0.240468
v 0.200742 0.39445 -0.240468
v 0.188516 0.411379 -0.240468
v 0.077535 0.621113 -0.240468
v 0.080357 0.622994 -0.240468
v 0.017343 0.649329 -0.240468
v -0.009939 0.20225 -0.240467
v -0.025921 0.194121 -0.239527
v 0.016402 0.264659 -0.239527
v 0.200742 0.385985 -0.239527
v 0.090703 0.637102 -0.239527
v 0.075654 0.638983 -0.239527
v 0.078476 0.643686 -0.239527
v 0.032391 0.681306 -0.239527
v -0.035326 0.196002 -0.238587
v -0.017456 0.196002 -0.238587
v -0.04285 0.199764 -0.238587
v 0.133966 0.227039 -0.238587
v 0.194159 0.227039 -0.238587
v 0.144312 0.22798 -0.238587
v 0.119858 0.22892 -0.238587
v 0.148074 0.22892 -0.238587
v 0.180992 0.22892 -0.238587
v 0.208267 0.22892 -0.238587
v 0.089762 0.252433 -0.238587
v 0.237422 0.252433 -0.238587
v 0.089762 0.290053 -0.238587
v 0.237422 0.290053 -0.238587
v 0.119858 0.315447 -0.238587
v 0.148074 0.315447 -0.238587
v 0.180992 0.315447 -0.238587
v 0.208267 0.315447 -0.238587
v 0.133966 0.316388 -0.238587
v 0.194159 0.316388 -0.238587
v 0.149955 0.359651 -0.238587
v 0.200742 0.370937 -0.238587
v 0.135847 0.402915 -0.238587
v 0.200742 0.404796 -0.238587
v 0.025807 0.627697 -0.238587
v 0.086941 0.629578 -0.238587
v 0.020164 0.668139 -0.238587
v 0.081298 0.675663 -0.238587
v 0.044618 0.68789 -0.238587
v 0.062487 0.68789 -0.238587
v -0.027802 0.193181 -0.237646
v 0.131145 0.22798 -0.237646
v 0.144312 0.22892 -0.237646
v 0.181932 0.22892 -0.237646
v 0.194159 0.22892 -0.237646
v 0.018283 0.261838 -0.237646
v 0.133966 0.333317 -0.237646
v 0.149014 0.333317 -0.237646
v 0.164063 0.333317 -0.237646
v 0.179111 0.333317 -0.237646
v 0.194159 0.333317 -0.237646
v 0.152776 0.354008 -0.237646
v 0.164063 0.354008 -0.237646
v 0.175349 0.354008 -0.237646
v 0.179111 0.355889 -0.237646
v 0.149014 0.358711 -0.237646
v 0.137728 0.361532 -0.237646
v 0.190397 0.361532 -0.237646
v 0.134907 0.362473 -0.237646
v 0.194159 0.362473 -0.237646
v 0.133966 0.363413 -0.237646
v 0.195099 0.363413 -0.237646
v 0.19698 0.364354 -0.237646
v 0.197921 0.365294 -0.237646
v 0.198861 0.366235 -0.237646
v 0.199802 0.367175 -0.237646
v 0.133966 0.385045 -0.237646
v 0.133966 0.385985 -0.237646
v 0.133966 0.386926 -0.237646
v 0.133966 0.387866 -0.237646
v 0.134907 0.387866 -0.237646
v 0.134907 0.400093 -0.237646
v 0.157479 0.41326 -0.237646
v 0.043677 0.616411 -0.237646
v 0.078476 0.621113 -0.237646
v 0.086941 0.630518 -0.237646
v 0.084119 0.632399 -0.237646
v 0.071892 0.63428 -0.237646
v 0.090703 0.637102 -0.237646
v 0.021105 0.638042 -0.237646
v 0.087881 0.638042 -0.237646
v 0.074714 0.639924 -0.237646
v 0.076595 0.644626 -0.237646
v 0.093524 0.644626 -0.237646
v 0.080357 0.648388 -0.237646
v 0.016402 0.655912 -0.237646
v -0.02498 0.193181 -0.236706
v 0.086941 0.261838 -0.236706
v 0.241184 0.261838 -0.236706
v 0.086 0.271243 -0.236706
v 0.242125 0.271243 -0.236706
v 0.086941 0.281589 -0.236706
v 0.241184 0.281589 -0.236706
v 0.134907 0.387866 -0.236706
v 0.017343 0.664377 -0.236706
v 0.087881 0.667198 -0.236706
v 0.128323 0.22892 -0.235765
v 0.130204 0.22892 -0.235765
v 0.227077 0.245849 -0.235765
v 0.23366 0.252433 -0.235765
v 0.234601 0.253373 -0.235765
v 0.238363 0.261838 -0.235765
v 0.239303 0.261838 -0.235765
v 0.240244 0.271243 -0.235765
v 0.240244 0.272184 -0.235765
v 0.238363 0.281589 -0.235765
v 0.239303 0.281589 -0.235765
v 0.134907 0.331436 -0.235765
v 0.149014 0.331436 -0.235765
v 0.164063 0.331436 -0.235765
v 0.179111 0.331436 -0.235765
v 0.194159 0.331436 -0.235765
v 0.135847 0.387866 -0.235765
v 0.082238 0.623935 -0.235765
v 0.079417 0.626756 -0.235765
v 0.071892 0.637102 -0.235765
v 0.089762 0.644626 -0.235765
v 0.092584 0.644626 -0.235765
v 0.078476 0.648388 -0.235765
v 0.015462 0.660615 -0.235765
v 0.131145 0.22892 -0.234825
v 0.133966 0.22892 -0.234825
v 0.194159 0.22892 -0.234825
v 0.226136 0.244909 -0.234825
v 0.018283 0.264659 -0.234825
v 0.227077 0.298518 -0.234825
v 0.133966 0.315447 -0.234825
v 0.194159 0.315447 -0.234825
v 0.200742 0.406677 -0.234825
v 0.081298 0.624875 -0.234825
v 0.073773 0.641805 -0.234825
v 0.074714 0.644626 -0.234825
v 0.080357 0.653091 -0.234825
v 0.028629 0.675663 -0.234825
v 0.218612 0.383164 -0.233884
v 0.218612 0.385985 -0.233884
v 0.14055 0.403855 -0.233884
v 0.050261 0.61547 -0.233884
v 0.077535 0.621113 -0.233884
v 0.03145 0.623935 -0.233884
v 0.06719 0.632399 -0.233884
v 0.075654 0.647448 -0.233884
v 0.078476 0.65215 -0.233884
v 0.164063 0.244909 -0.232944
v 0.164063 0.292875 -0.232944
v 0.164063 0.297577 -0.232944
v 0.218612 0.333317 -0.232944
v 0.218612 0.362473 -0.232944
v 0.139609 0.401034 -0.232944
v 0.06813 0.635221 -0.232944
v 0.071892 0.639924 -0.232944
v 0.019224 0.645567 -0.232944
v 0.093524 0.65215 -0.232944
v 0.070011 0.685068 -0.232944
v 0.04932 0.68789 -0.232944
v -0.013694 0.196002 -0.232003
v 0.212029 0.238325 -0.232003
v 0.212029 0.304161 -0.232003
v 0.218612 0.331436 -0.232003
v 0.139609 0.387866 -0.232003
v 0.14055 0.401034 -0.232003
v 0.14149 0.403855 -0.232003
v 0.144312 0.406677 -0.232003
v 0.162182 0.414201 -0.232003
v 0.023926 0.63334 -0.232003
v 0.076595 0.650269 -0.232003
v 0.038034 0.683187 -0.232003
v 0.194159 0.232682 -0.231063
v 0.111394 0.333317 -0.231063
v 0.219553 0.333317 -0.231063
v 0.219553 0.361532 -0.231063
v 0.111394 0.385985 -0.231063
v 0.218612 0.39445 -0.231063
v 0.138669 0.401034 -0.231063
v 0.138669 0.403855 -0.231063
v 0.065309 0.632399 -0.231063
v 0.069071 0.638042 -0.231063
v 0.089762 0.65121 -0.231063
v 0.092584 0.65121 -0.231063
v 0.077535 0.654972 -0.231063
v 0.079417 0.656853 -0.231063
v 0.023926 0.67002 -0.231063
v 0.134907 0.232682 -0.230122
v 0.112334 0.331436 -0.230122
v 0.112334 0.387866 -0.230122
v 0.14055 0.387866 -0.230122
v 0.072833 0.623935 -0.230122
v 0.066249 0.635221 -0.230122
v 0.06813 0.638042 -0.230122
v 0.075654 0.65215 -0.230122
v 0.084119 0.67096 -0.230122
v 0.057785 0.686949 -0.230122
v 0.013581 0.212931 -0.229182
v 0.110453 0.333317 -0.229182
v 0.110453 0.385985 -0.229182
v 0.138669 0.387866 -0.229182
v 0.134907 0.400093 -0.229182
v 0.139609 0.405736 -0.229182
v 0.074714 0.621113 -0.229182
v 0.074714 0.622054 -0.229182
v 0.018283 0.654031 -0.229182
v 0.194159 0.235504 -0.228241
v 0.184754 0.244909 -0.228241
v 0.25059 0.261838 -0.228241
v 0.25153 0.272184 -0.228241
v 0.25059 0.281589 -0.228241
v 0.194159 0.307923 -0.228241
v 0.218612 0.395391 -0.228241
v 0.134907 0.402915 -0.228241
v 0.038975 0.620173 -0.228241
v 0.020164 0.664377 -0.228241
v 0.015462 0.215753 -0.227301
v 0.134907 0.387866 -0.227301
v 0.071892 0.646507 -0.227301
v 0.074714 0.653091 -0.227301
v 0.075654 0.655912 -0.227301
v 0.017343 0.660615 -0.227301
v 0.033331 0.676604 -0.227301
v 0.075654 0.678485 -0.227301
v 0.248709 0.253373 -0.22636
v -0.008051 0.276886 -0.22636
v 0.248709 0.290053 -0.22636
v -0.040969 0.299458 -0.22636
v 0.134907 0.404796 -0.22636
v 0.070011 0.623935 -0.22636
v 0.028629 0.629578 -0.22636
v 0.066249 0.639924 -0.22636
v 0.022986 0.641805 -0.22636
v 0.087881 0.655912 -0.22636
v 0.091643 0.657793 -0.22636
v 0.076595 0.658734 -0.22636
v 0.110453 0.244909 -0.22542
v 0.155598 0.244909 -0.22542
v 0.174408 0.244909 -0.22542
v -0.00523 0.279708 -0.22542
v 0.155598 0.292875 -0.22542
v 0.174408 0.292875 -0.22542
v 0.110453 0.297577 -0.22542
v 0.155598 0.297577 -0.22542
v 0.174408 0.297577 -0.22542
v 0.150895 0.41326 -0.22542
v 0.172527 0.415141 -0.22542
v 0.044618 0.619232 -0.22542
v 0.072833 0.621113 -0.22542
v 0.071892 0.622054 -0.22542
v 0.063428 0.637102 -0.22542
v 0.090703 0.656853 -0.22542
v 0.043677 0.683187 -0.22542
v 0.201683 0.229861 -0.224479
v 0.217672 0.229861 -0.224479
v -0.088935 0.240206 -0.224479
v 0.115156 0.244909 -0.224479
v 0.245887 0.245849 -0.224479
v 0.108572 0.248671 -0.224479
v 0.102929 0.252433 -0.224479
v 0.101048 0.256195 -0.224479
v 0.099167 0.261838 -0.224479
v 0.098227 0.268421 -0.224479
v 0.098227 0.271243 -0.224479
v 0.099167 0.280648 -0.224479
v 0.099167 0.281589 -0.224479
v 0.101048 0.287232 -0.224479
v 0.102929 0.290053 -0.224479
v 0.108572 0.294756 -0.224479
v 0.115156 0.297577 -0.224479
v 0.245887 0.297577 -0.224479
v 0.043677 0.620173 -0.224479
v 0.061547 0.63428 -0.224479
v 0.071892 0.653091 -0.224479
v 0.194159 0.232682 -0.223539
v 0.133966 0.241147 -0.223539
v 0.147133 0.244909 -0.223539
v 0.099167 0.256195 -0.223539
v 0.097286 0.268421 -0.223539
v 0.097286 0.280648 -0.223539
v 0.099167 0.292875 -0.223539
v 0.147133 0.292875 -0.223539
v 0.143371 0.297577 -0.223539
v -0.038147 0.299458 -0.223539
v 0.133966 0.301339 -0.223539
v 0.181932 0.414201 -0.223539
v 0.065309 0.641805 -0.223539
v 0.072833 0.655912 -0.223539
v 0.028629 0.67002 -0.223539
v 0.081298 0.671901 -0.223539
v 0.065309 0.683187 -0.223539
v -0.088935 0.236444 -0.222598
v 0.247768 0.370937 -0.222598
v 0.246828 0.373759 -0.222598
v 0.043677 0.621113 -0.222598
v 0.070952 0.621113 -0.222598
v 0.066249 0.644626 -0.222598
v 0.070011 0.65215 -0.222598
v 0.073773 0.658734 -0.222598
v 0.194159 0.229861 -0.221658
v 0.001354 0.267481 -0.221658
v -0.04285 0.299458 -0.221658
v -0.035326 0.299458 -0.221658
v 0.198861 0.316388 -0.221658
v 0.209207 0.316388 -0.221658
v 0.248709 0.371878 -0.221658
v 0.152776 0.414201 -0.221658
v 0.062487 0.639924 -0.221658
v 0.06719 0.647448 -0.221658
v 0.06813 0.650269 -0.221658
v 0.022045 0.65215 -0.221658
v 0.202624 0.22798 -0.220717
v 0.216731 0.22798 -0.220717
v 0.195099 0.22892 -0.220717
v 0.189456 0.232682 -0.220717
v -0.089876 0.239266 -0.220717
v 0.10387 0.244909 -0.220717
v 0.004176 0.270303 -0.220717
v 0.10387 0.297577 -0.220717
v 0.220493 0.316388 -0.220717
v 0.192278 0.411379 -0.220717
v 0.036153 0.625816 -0.220717
v 0.027688 0.638983 -0.220717
v 0.070011 0.654972 -0.220717
v 0.08506 0.658734 -0.220717
v 0.023926 0.664377 -0.220717
v -0.009932 0.275005 -0.219777
v 0.245887 0.374699 -0.219777
v 0.139609 0.411379 -0.219777
v 0.060606 0.638983 -0.219777
v 0.063428 0.644626 -0.219777
v 0.087881 0.659674 -0.219777
v 0.087881 0.660615 -0.219777
v 0.038975 0.676604 -0.219777
v -0.023099 0.285351 -0.218836
v 0.21391 0.362473 -0.218836
v 0.247768 0.372818 -0.218836
v 0.116096 0.387866 -0.218836
v 0.065309 0.648388 -0.218836
v 0.06719 0.65215 -0.218836
v 0.070011 0.656853 -0.218836
v 0.021105 0.659674 -0.218836
v -0.021218 0.289113 -0.217896
v 0.114215 0.368116 -0.217896
v 0.114215 0.385985 -0.217896
v 0.115156 0.386926 -0.217896
v 0.112334 0.391628 -0.217896
v 0.065309 0.626756 -0.217896
v 0.077535 0.67096 -0.217896
v 0.070011 0.675663 -0.217896
v -0.034385 0.188478 -0.216955
v -0.052255 0.196002 -0.216955
v -0.058839 0.199764 -0.216955
v -0.065422 0.204467 -0.216955
v 0.19698 0.227039 -0.216955
v -0.003349 0.268421 -0.216955
v 0.199802 0.317328 -0.216955
v 0.209207 0.317328 -0.216955
v 0.219553 0.317328 -0.216955
v 0.115156 0.367175 -0.216955
v 0.112334 0.39445 -0.216955
v 0.14149 0.41232 -0.216955
v 0.154657 0.41326 -0.216955
v 0.052142 0.621113 -0.216955
v 0.061547 0.643686 -0.216955
v 0.06719 0.653091 -0.216955
v 0.034272 0.67002 -0.216955
v -0.032504 0.187538 -0.216015
v -0.067303 0.206348 -0.216015
v 0.135847 0.232682 -0.216015
v 0.205445 0.404796 -0.216015
v 0.042737 0.624875 -0.216015
v 0.06719 0.625816 -0.216015
v 0.063428 0.648388 -0.216015
v 0.026748 0.650269 -0.216015
v 0.081298 0.658734 -0.216015
v 0.061547 0.679425 -0.216015
v 0.23366 0.229861 -0.215074
v 0.143371 0.232682 -0.215074
v -0.020278 0.280648 -0.215074
v 0.188516 0.316388 -0.215074
v 0.259054 0.353068 -0.215074
v 0.227077 0.386926 -0.215074
v 0.059666 0.621113 -0.215074
v 0.06719 0.624875 -0.215074
v 0.112334 0.395391 -0.214134
v 0.143371 0.411379 -0.214134
v 0.034272 0.636162 -0.214134
v 0.084119 0.659674 -0.214134
v 0.084119 0.660615 -0.214134
v 0.029569 0.663436 -0.214134
v 0.050261 0.712343 -0.214134
v -0.035326 0.188478 -0.213193
v -0.053196 0.196002 -0.213193
v -0.059779 0.199764 -0.213193
v -0.065422 0.204467 -0.213193
v 0.131145 0.229861 -0.213193
v 0.024867 0.245849 -0.213193
v 0.259995 0.353068 -0.213193
v 0.242125 0.374699 -0.213193
v 0.127383 0.406677 -0.213193
v 0.051201 0.623935 -0.213193
v 0.047439 0.674722 -0.213193
v 0.198861 0.224217 -0.212252
v 0.230839 0.22798 -0.212252
v 0.130204 0.22892 -0.212252
v 0.23366 0.316388 -0.212252
v 0.192278 0.317328 -0.212252
v 0.244006 0.372818 -0.212252
v 0.101989 0.383164 -0.212252
v 0.226136 0.385985 -0.212252
v 0.058725 0.622994 -0.212252
v 0.026748 0.658734 -0.212252
v 0.023926 0.249611 -0.211312
v 0.259054 0.353068 -0.211312
v 0.220493 0.364354 -0.211312
v 0.221434 0.364354 -0.211312
v 0.225196 0.384104 -0.211312
v 0.101989 0.385985 -0.211312
v 0.223315 0.386926 -0.211312
v 0.222374 0.389747 -0.211312
v 0.129264 0.407617 -0.211312
v 0.064368 0.632399 -0.211312
v 0.076595 0.655912 -0.211312
v 0.072833 0.666258 -0.211312
v 0.064368 0.67002 -0.211312
v 0.055904 0.672841 -0.211312
v 0.259054 0.354008 -0.210371
v 0.221434 0.363413 -0.210371
v 0.223315 0.363413 -0.210371
v 0.225196 0.363413 -0.210371
v 0.239303 0.373759 -0.210371
v 0.226136 0.37658 -0.210371
v 0.221434 0.391628 -0.210371
v 0.041796 0.63428 -0.210371
v 0.042737 0.668139 -0.210371
v 0.004176 0.259016 -0.209431
v -0.08047 0.272184 -0.209431
v 0.229898 0.317328 -0.209431
v 0.101989 0.362473 -0.209431
v 0.226136 0.363413 -0.209431
v 0.239303 0.370937 -0.209431
v 0.241184 0.371878 -0.209431
v 0.220493 0.39351 -0.209431
v 0.131145 0.406677 -0.209431
v 0.065309 0.631459 -0.209431
v 0.034272 0.647448 -0.209431
v 0.078476 0.656853 -0.209431
v 0.205445 0.223277 -0.20849
v 0.212969 0.223277 -0.20849
v 0.130204 0.227039 -0.20849
v 0.006997 0.261838 -0.20849
v -0.001467 0.262778 -0.20849
v 0.133966 0.316388 -0.20849
v 0.101989 0.386926 -0.20849
v 0.164063 0.411379 -0.20849
v 0.065309 0.630518 -0.20849
v 0.065309 0.638983 -0.20849
v 0.071892 0.65121 -0.20849
v 0.078476 0.657793 -0.20849
v 0.167825 0.244909 -0.20755
v 0.167825 0.292875 -0.20755
v 0.222374 0.358711 -0.20755
v 0.224255 0.358711 -0.20755
v 0.226136 0.358711 -0.20755
v 0.225196 0.384104 -0.20755
v 0.164063 0.387866 -0.20755
v 0.058725 0.630518 -0.20755
v 0.051201 0.632399 -0.20755
v 0.038034 0.661555 -0.20755
v 0.051201 0.666258 -0.20755
v 0.111394 0.22892 -0.206609
v 0.167825 0.297577 -0.206609
v 0.205445 0.32015 -0.206609
v 0.211088 0.32015 -0.206609
v 0.216731 0.32015 -0.206609
v 0.156538 0.387866 -0.206609
v 0.172527 0.387866 -0.206609
v 0.164063 0.406677 -0.206609
v 0.174408 0.410439 -0.206609
v 0.06813 0.645567 -0.206609
v 0.035212 0.655912 -0.206609
v 0.06813 0.661555 -0.206609
v 0.059666 0.664377 -0.206609
v -0.08047 0.270303 -0.205669
v 0.115156 0.316388 -0.205669
v 0.256233 0.354949 -0.205669
v 0.225196 0.385985 -0.205669
v 0.164063 0.401034 -0.205669
v 0.164063 0.403855 -0.205669
v 0.153717 0.405736 -0.205669
v 0.173468 0.406677 -0.205669
v 0.066249 0.638042 -0.205669
v 0.042737 0.644626 -0.205669
v 0.073773 0.65121 -0.205669
v -0.013694 0.196002 -0.204728
v 0.255292 0.354008 -0.204728
v 0.225196 0.386926 -0.204728
v 0.179111 0.387866 -0.204728
v 0.154657 0.401034 -0.204728
v 0.173468 0.401034 -0.204728
v 0.154657 0.403855 -0.204728
v 0.173468 0.403855 -0.204728
v 0.182873 0.408558 -0.204728
v 0.065309 0.638042 -0.204728
v 0.069071 0.645567 -0.204728
v 0.072833 0.65215 -0.204728
v 0.046499 0.659674 -0.204728
v 0.220493 0.223277 -0.203788
v 0.259995 0.253373 -0.203788
v 0.262816 0.261838 -0.203788
v -0.013694 0.272184 -0.203788
v 0.263757 0.272184 -0.203788
v 0.262816 0.281589 -0.203788
v 0.259995 0.290053 -0.203788
v 0.133966 0.317328 -0.203788
v 0.201683 0.32015 -0.203788
v 0.252471 0.354008 -0.203788
v 0.253411 0.354949 -0.203788
v 0.149955 0.387866 -0.203788
v 0.059666 0.638983 -0.203788
v 0.051201 0.641805 -0.203788
v 0.064368 0.654972 -0.203788
v 0.113275 0.227039 -0.202847
v 0.176289 0.232682 -0.202847
v 0.256233 0.245849 -0.202847
v -0.025921 0.279708 -0.202847
v 0.256233 0.297577 -0.202847
v 0.183813 0.316388 -0.202847
v 0.149014 0.387866 -0.202847
v 0.224255 0.387866 -0.202847
v 0.110453 0.396331 -0.202847
v 0.181932 0.400093 -0.202847
v 0.181932 0.402915 -0.202847
v 0.181932 0.405736 -0.202847
v 0.06813 0.645567 -0.202847
v 0.043677 0.653091 -0.202847
v 0.055904 0.657793 -0.202847
v -0.017456 0.196002 -0.201907
v -0.00617 0.199764 -0.201907
v 0.15936 0.232682 -0.201907
v -0.031564 0.28347 -0.201907
v 0.222374 0.32015 -0.201907
v 0.143371 0.404796 -0.201907
v 0.061547 0.647448 -0.201907
v 0.053082 0.650269 -0.201907
v -0.082351 0.222336 -0.200966
v 0.117037 0.317328 -0.200966
v 0.188516 0.317328 -0.200966
v 0.10387 0.358711 -0.200966
v 0.105751 0.358711 -0.200966
v 0.081298 0.370937 -0.200966
v 0.231779 0.374699 -0.200966
v 0.111394 0.397272 -0.200966
v 0.146193 0.400093 -0.200966
v 0.145252 0.402915 -0.200966
v -0.049434 0.196002 -0.200026
v -0.056958 0.199764 -0.200026
v 0.200742 0.222336 -0.200026
v -0.083292 0.226098 -0.200026
v 0.241184 0.229861 -0.200026
v -0.029683 0.287232 -0.200026
v 0.239303 0.316388 -0.200026
v 0.226136 0.329555 -0.200026
v 0.228017 0.329555 -0.200026
v 0.229898 0.329555 -0.200026
v 0.101989 0.358711 -0.200026
v 0.082238 0.373759 -0.200026
v 0.237422 0.22798 -0.199085
v 0.234601 0.317328 -0.199085
v 0.227077 0.328614 -0.199085
v 0.228958 0.328614 -0.199085
v 0.080357 0.371878 -0.199085
v 0.231779 0.37564 -0.199085
v 0.112334 0.396331 -0.199085
v 0.19604 0.402915 -0.199085
v -0.046612 0.196002 -0.198145
v -0.082351 0.224217 -0.198145
v -0.00523 0.260897 -0.198145
v 0.151836 0.316388 -0.198145
v 0.207326 0.366235 -0.198145
v 0.207326 0.367175 -0.198145
v 0.231779 0.37658 -0.198145
v 0.194159 0.387866 -0.198145
v 0.101048 0.388807 -0.198145
v 0.195099 0.400093 -0.198145
v 0.198861 0.32015 -0.197204
v 0.123621 0.367175 -0.197204
v 0.204505 0.367175 -0.197204
v 0.206386 0.367175 -0.197204
v 0.083179 0.374699 -0.197204
v 0.194159 0.39445 -0.197204
v 0.194159 0.397272 -0.197204
v 0.002295 0.204467 -0.196264
v 0.131145 0.222336 -0.196264
v 0.224255 0.223277 -0.196264
v 0.082238 0.244909 -0.196264
v -0.051315 0.292875 -0.196264
v 0.082238 0.298518 -0.196264
v 0.206386 0.367175 -0.196264
v 0.124561 0.368116 -0.196264
v 0.203564 0.368116 -0.196264
v 0.205445 0.368116 -0.196264
v 0.205445 0.369056 -0.196264
v 0.081298 0.372818 -0.196264
v 0.230839 0.377521 -0.196264
v -0.054136 0.199764 -0.195323
v -0.001467 0.256195 -0.195323
v 0.148074 0.317328 -0.195323
v 0.225196 0.32015 -0.195323
v 0.209207 0.361532 -0.195323
v 0.206386 0.368116 -0.195323
v 0.095405 0.383164 -0.195323
v 0.134907 0.387866 -0.195323
v 0.101989 0.388807 -0.195323
v -0.063541 0.204467 -0.194383
v 0.004176 0.207288 -0.194383
v 0.222374 0.33896 -0.194383
v 0.124561 0.369056 -0.194383
v 0.200742 0.387866 -0.194383
v 0.210148 0.221396 -0.193442
v 0.131145 0.222336 -0.193442
v 0.001354 0.258076 -0.193442
v 0.210148 0.32109 -0.193442
v 0.101048 0.329555 -0.193442
v 0.102929 0.329555 -0.193442
v 0.218612 0.33896 -0.193442
v 0.237422 0.35683 -0.193442
v 0.208267 0.361532 -0.193442
v 0.202624 0.385985 -0.193442
v 0.102929 0.387866 -0.193442
v -0.026861 0.199764 -0.192502
v -0.02498 0.199764 -0.192502
v -0.051315 0.290994 -0.192502
v -0.04285 0.291934 -0.192502
v 0.101989 0.328614 -0.192502
v 0.099167 0.329555 -0.192502
v 0.224255 0.335198 -0.192502
v 0.070952 0.353068 -0.192502
v 0.208267 0.362473 -0.192502
v 0.124561 0.370937 -0.192502
v 0.211088 0.39351 -0.192502
v -0.045672 0.199764 -0.191561
v -0.031564 0.199764 -0.191561
v -0.015575 0.263719 -0.191561
v -0.02404 0.273124 -0.191561
v -0.047553 0.291934 -0.191561
v 0.131145 0.32015 -0.191561
v 0.100108 0.328614 -0.191561
v 0.220493 0.335198 -0.191561
v 0.216731 0.33896 -0.191561
v 0.227077 0.33896 -0.191561
v 0.070011 0.353068 -0.191561
v 0.238363 0.35777 -0.191561
v 0.086941 0.374699 -0.191561
v 0.096346 0.382223 -0.191561
v 0.208267 0.385985 -0.191561
v 0.128323 0.387866 -0.191561
v 0.208267 0.387866 -0.191561
v 0.209207 0.390688 -0.191561
v -0.038147 0.199764 -0.190621
v -0.06166 0.204467 -0.190621
v -0.063541 0.206348 -0.190621
v 0.238363 0.358711 -0.190621
v 0.08506 0.372818 -0.190621
v 0.126442 0.385985 -0.190621
v 0.21391 0.389747 -0.190621
v 0.120799 0.222336 -0.18968
v 0.097286 0.22892 -0.18968
v 0.120799 0.32015 -0.18968
v 0.198861 0.32015 -0.18968
v 0.227077 0.331436 -0.18968
v 0.228958 0.335198 -0.18968
v 0.070952 0.353068 -0.18968
v 0.237422 0.358711 -0.18968
v 0.097286 0.380342 -0.18968
v 0.210148 0.385985 -0.18968
v 0.212029 0.387866 -0.18968
v 0.120799 0.395391 -0.18968
v 0.164063 0.232682 -0.18874
v 0.17817 0.232682 -0.18874
v 0.100108 0.316388 -0.18874
v 0.222374 0.331436 -0.18874
v 0.218612 0.335198 -0.18874
v 0.217672 0.33896 -0.18874
v 0.223315 0.33896 -0.18874
v 0.070952 0.354008 -0.18874
v 0.124561 0.392569 -0.18874
v 0.12268 0.39445 -0.18874
v 0.201683 0.222336 -0.187799
v 0.101048 0.227039 -0.187799
v 0.187575 0.317328 -0.187799
v 0.138669 0.32015 -0.187799
v 0.225196 0.32015 -0.187799
v 0.212969 0.331436 -0.187799
v 0.230839 0.33896 -0.187799
v 0.117977 0.361532 -0.187799
v 0.087881 0.371878 -0.187799
v 0.089762 0.373759 -0.187799
v 0.223315 0.223277 -0.186859
v 0.182873 0.316388 -0.186859
v 0.10481 0.317328 -0.186859
v 0.21391 0.330495 -0.186859
v 0.231779 0.331436 -0.186859
v 0.240244 0.332376 -0.186859
v 0.241184 0.333317 -0.186859
v 0.090703 0.35683 -0.186859
v 0.089762 0.370937 -0.186859
v 0.163122 0.231742 -0.185918
v 0.013581 0.239266 -0.185918
v 0.013581 0.243028 -0.185918
v -0.027802 0.274065 -0.185918
v 0.212969 0.331436 -0.185918
v 0.221434 0.331436 -0.185918
v 0.219553 0.335198 -0.185918
v 0.221434 0.33896 -0.185918
v 0.226136 0.33896 -0.185918
v 0.117977 0.361532 -0.185918
v 0.218612 0.383164 -0.185918
v -0.050374 0.204467 -0.184978
v -0.015575 0.260897 -0.184978
v 0.229898 0.318269 -0.184978
v 0.212029 0.332376 -0.184978
v 0.239303 0.332376 -0.184978
v 0.241184 0.333317 -0.184978
v 0.23272 0.335198 -0.184978
v 0.231779 0.33896 -0.184978
v 0.089762 0.35777 -0.184978
v 0.21485 0.379402 -0.184978
v 0.216731 0.381283 -0.184978
v 0.23272 0.317328 -0.184037
v 0.228017 0.319209 -0.184037
v 0.240244 0.333317 -0.184037
v 0.241184 0.335198 -0.184037
v 0.221434 0.33896 -0.184037
v 0.073773 0.354008 -0.184037
v 0.089762 0.358711 -0.184037
v 0.118918 0.362473 -0.184037
v -0.062601 0.217634 -0.183097
v 0.133026 0.221396 -0.183097
v -0.025921 0.276886 -0.183097
v 0.157479 0.316388 -0.183097
v 0.236482 0.316388 -0.183097
v 0.237422 0.316388 -0.183097
v 0.152776 0.317328 -0.183097
v 0.222374 0.331436 -0.183097
v 0.241184 0.335198 -0.183097
v 0.223315 0.33896 -0.183097
v 0.075654 0.353068 -0.183097
v 0.117977 0.363413 -0.183097
v -0.04285 0.204467 -0.182156
v -0.053196 0.21105 -0.182156
v 0.182873 0.229861 -0.182156
v 0.170646 0.240206 -0.182156
v -0.013694 0.262778 -0.182156
v 0.170646 0.30322 -0.182156
v 0.237422 0.316388 -0.182156
v 0.225196 0.319209 -0.182156
v 0.203564 0.32015 -0.182156
v 0.132085 0.331436 -0.182156
v 0.134907 0.331436 -0.182156
v 0.149014 0.331436 -0.182156
v 0.164063 0.331436 -0.182156
v 0.179111 0.331436 -0.182156
v 0.194159 0.331436 -0.182156
v 0.19698 0.331436 -0.182156
v 0.234601 0.331436 -0.182156
v 0.130204 0.333317 -0.182156
v 0.197921 0.333317 -0.182156
v 0.23366 0.335198 -0.182156
v 0.228958 0.33896 -0.182156
v 0.23272 0.33896 -0.182156
v 0.111394 0.385045 -0.182156
v 0.130204 0.385985 -0.182156
v 0.197921 0.385985 -0.182156
v 0.132085 0.387866 -0.182156
v 0.134907 0.387866 -0.182156
v 0.149014 0.387866 -0.182156
v 0.164063 0.387866 -0.182156
v 0.179111 0.387866 -0.182156
v 0.194159 0.387866 -0.182156
v 0.19698 0.387866 -0.182156
v -0.058839 0.215753 -0.181216
v 0.114215 0.222336 -0.181216
v 0.235541 0.22798 -0.181216
v 0.183813 0.229861 -0.181216
v 0.114215 0.32015 -0.181216
v 0.223315 0.335198 -0.181216
v 0.223315 0.33896 -0.181216
v 0.078476 0.353068 -0.181216
v 0.076595 0.354008 -0.181216
v 0.218612 0.369997 -0.181216
v 0.115156 0.383164 -0.181216
v 0.113275 0.384104 -0.181216
v -0.052255 0.21105 -0.180275
v 0.1603 0.22892 -0.180275
v 0.185694 0.22892 -0.180275
v 0.161241 0.229861 -0.180275
v 0.239303 0.229861 -0.180275
v 0.142431 0.32015 -0.180275
v 0.218612 0.32015 -0.180275
v 0.087881 0.333317 -0.180275
v 0.132085 0.333317 -0.180275
v 0.134907 0.333317 -0.180275
v 0.149014 0.333317 -0.180275
v 0.164063 0.333317 -0.180275
v 0.179111 0.333317 -0.180275
v 0.194159 0.333317 -0.180275
v 0.19698 0.333317 -0.180275
v 0.220493 0.369997 -0.180275
v 0.223315 0.369997 -0.180275
v 0.132085 0.385985 -0.180275
v 0.134907 0.385985 -0.180275
v 0.149014 0.385985 -0.180275
v 0.164063 0.385985 -0.180275
v 0.179111 0.385985 -0.180275
v 0.194159 0.385985 -0.180275
v 0.19698 0.385985 -0.180275
v -0.044731 0.207288 -0.179335
v 0.217672 0.224217 -0.179335
v 0.211088 0.32015 -0.179335
v 0.236482 0.331436 -0.179335
v 0.088822 0.332376 -0.179335
v 0.234601 0.335198 -0.179335
v 0.226136 0.33896 -0.179335
v 0.231779 0.33896 -0.179335
v 0.191337 0.227039 -0.178394
v 0.224255 0.319209 -0.178394
v 0.113275 0.329555 -0.178394
v 0.114215 0.330495 -0.178394
v 0.226136 0.331436 -0.178394
v 0.087881 0.333317 -0.178394
v 0.225196 0.335198 -0.178394
v 0.225196 0.33896 -0.178394
v 0.156538 0.227039 -0.177454
v -0.072006 0.241147 -0.177454
v -0.072006 0.245849 -0.177454
v 0.086941 0.335198 -0.177454
v -0.035326 0.209169 -0.176513
v 0.201683 0.224217 -0.176513
v 0.208267 0.224217 -0.176513
v 0.19604 0.225158 -0.176513
v 0.153717 0.226098 -0.176513
v 0.112334 0.329555 -0.176513
v 0.114215 0.330495 -0.176513
v 0.237422 0.331436 -0.176513
v 0.23366 0.335198 -0.176513
v 0.227077 0.33896 -0.176513
v 0.229898 0.33896 -0.176513
v 0.200742 0.225158 -0.175573
v 0.241184 0.308864 -0.175573
v 0.113275 0.330495 -0.175573
v 0.115156 0.331436 -0.175573
v 0.228017 0.331436 -0.175573
v 0.227077 0.335198 -0.175573
v -0.028742 0.21105 -0.174632
v 0.126442 0.221396 -0.174632
v 0.149955 0.224217 -0.174632
v 0.254352 0.245849 -0.174632
v 0.254352 0.297577 -0.174632
v 0.225196 0.318269 -0.174632
v 0.126442 0.32109 -0.174632
v 0.114215 0.331436 -0.174632
v 0.134907 0.222336 -0.173692
v -0.052255 0.276886 -0.173692
v -0.047553 0.279708 -0.173692
v 0.142431 0.32015 -0.173692
v 0.236482 0.331436 -0.173692
v 0.226136 0.334257 -0.173692
v 0.228958 0.335198 -0.173692
v 0.231779 0.335198 -0.173692
v 0.102929 0.369997 -0.173692
v 0.107632 0.369997 -0.173692
v -0.02498 0.213872 -0.172751
v 0.14055 0.222336 -0.172751
v 0.156538 0.227039 -0.172751
v 0.258114 0.253373 -0.172751
v 0.258114 0.290053 -0.172751
v 0.151836 0.317328 -0.172751
v 0.19604 0.317328 -0.172751
v 0.226136 0.317328 -0.172751
v 0.229898 0.331436 -0.172751
v 0.224255 0.335198 -0.172751
v 0.227077 0.335198 -0.172751
v 0.223315 0.336138 -0.172751
v 0.105751 0.369997 -0.172751
v 0.135847 0.222336 -0.171811
v 0.113275 0.223277 -0.171811
v 0.1603 0.22892 -0.171811
v 0.260935 0.261838 -0.171811
v 0.261876 0.272184 -0.171811
v 0.260935 0.281589 -0.171811
v 0.240244 0.306982 -0.171811
v 0.156538 0.316388 -0.171811
v 0.113275 0.32015 -0.171811
v 0.225196 0.337079 -0.171811
v 0.228017 0.337079 -0.171811
v 0.205445 0.218574 -0.17087
v 0.244006 0.308864 -0.17087
v 0.10387 0.317328 -0.17087
v 0.224255 0.317328 -0.17087
v 0.231779 0.331436 -0.17087
v 0.234601 0.331436 -0.17087
v -0.065422 0.217634 -0.169929
v 0.100108 0.227039 -0.169929
v -0.062601 0.214812 -0.168989
v 0.192278 0.22798 -0.168989
v 0.096346 0.22892 -0.168989
v 0.242125 0.306982 -0.168989
v -0.047553 0.308864 -0.168989
v 0.099167 0.316388 -0.168989
v 0.193218 0.316388 -0.168989
v 0.228017 0.316388 -0.168989
v -0.056017 0.21011 -0.168048
v 0.133966 0.218574 -0.168048
v -0.051315 0.308864 -0.168048
v 0.244947 0.309804 -0.168048
v 0.209207 0.317328 -0.168048
v 0.138669 0.223277 -0.167108
v 0.224255 0.22798 -0.167108
v 0.236482 0.306982 -0.167108
v 0.226136 0.316388 -0.167108
v 0.138669 0.32015 -0.167108
v 0.206386 0.199764 -0.166167
v -0.049434 0.207288 -0.166167
v -0.062601 0.216693 -0.166167
v -0.064482 0.218574 -0.166167
v 0.190397 0.229861 -0.166167
v 0.080357 0.244909 -0.166167
v 0.173468 0.244909 -0.166167
v 0.173468 0.297577 -0.166167
v 0.080357 0.298518 -0.166167
v 0.237422 0.306982 -0.166167
v 0.243065 0.307923 -0.166167
v -0.057898 0.212931 -0.165227
v -0.072946 0.242087 -0.165227
v 0.173468 0.244909 -0.165227
v -0.072946 0.24679 -0.165227
v 0.173468 0.297577 -0.165227
v 0.245887 0.311685 -0.165227
v 0.101048 0.333317 -0.165227
v 0.118918 0.223277 -0.164286
v 0.226136 0.229861 -0.164286
v -0.012754 0.244909 -0.164286
v -0.013694 0.249611 -0.164286
v 0.244006 0.310745 -0.164286
v 0.118918 0.32015 -0.164286
v 0.100108 0.334257 -0.164286
v 0.101989 0.334257 -0.164286
v -0.045672 0.338019 -0.164286
v -0.041909 0.208229 -0.163346
v -0.050374 0.21011 -0.163346
v 0.134907 0.223277 -0.163346
v 0.207326 0.22798 -0.163346
v 0.239303 0.307923 -0.163346
v 0.208267 0.316388 -0.163346
v 0.134907 0.32015 -0.163346
v 0.102929 0.335198 -0.163346
v 0.099167 0.336138 -0.163346
v 0.101048 0.336138 -0.163346
v 0.13374 0.202977 -0.162473
v -0.072006 0.242087 -0.162405
v -0.031564 0.278767 -0.162405
v 0.244947 0.313566 -0.162405
v -0.040969 0.333317 -0.162405
v -0.048493 0.341781 -0.162405
v 0.127383 0.223277 -0.161465
v 0.241184 0.310745 -0.161465
v 0.242125 0.313566 -0.161465
v 0.146193 0.317328 -0.161465
v 0.127383 0.32015 -0.161465
v -0.035326 0.21011 -0.160524
v 0.149014 0.227039 -0.160524
v -0.071065 0.244909 -0.160524
v -0.041909 0.21105 -0.159584
v 0.207326 0.229861 -0.159584
v -0.033445 0.308864 -0.159584
v 0.111394 0.317328 -0.159584
v -0.032504 0.212931 -0.158643
v 0.174408 0.252433 -0.158643
v 0.174408 0.290053 -0.158643
v 0.149955 0.316388 -0.158643
v 0.152776 0.22892 -0.157703
v 0.174408 0.253373 -0.157703
v -0.029683 0.275946 -0.157703
v 0.174408 0.290053 -0.157703
v 0.14149 0.317328 -0.157703
v -0.034385 0.333317 -0.157703
v -0.037207 0.212931 -0.156762
v -0.035326 0.213872 -0.155822
v -0.011813 0.232682 -0.155822
v -0.011813 0.256195 -0.155822
v -0.032504 0.308864 -0.155822
v 0.108572 0.316388 -0.155822
v 0.110453 0.22798 -0.154881
v -0.014635 0.232682 -0.154881
v 0.181932 0.245849 -0.154881
v -0.014635 0.256195 -0.154881
v 0.181932 0.297577 -0.154881
v -0.033445 0.335198 -0.154881
v -0.012754 0.230801 -0.153941
v -0.012754 0.258076 -0.153941
v 0.174408 0.261838 -0.153941
v 0.174408 0.281589 -0.153941
v 0.144312 0.316388 -0.153941
v 0.127383 0.317328 -0.153941
v 0.142431 0.22798 -0.153
v 0.175349 0.271243 -0.153
v 0.175349 0.272184 -0.153
v 0.108572 0.229861 -0.15206
v 0.235541 0.245849 -0.15206
v 0.180051 0.253373 -0.15206
v 0.180051 0.290053 -0.15206
v 0.235541 0.297577 -0.15206
v 0.144312 0.229861 -0.150179
v 0.17817 0.261838 -0.150179
v -0.065422 0.271243 -0.150179
v 0.17817 0.281589 -0.150179
v -0.06166 0.305101 -0.150179
v 0.127383 0.22798 -0.149238
v 0.237422 0.253373 -0.149238
v 0.17817 0.272184 -0.149238
v 0.237422 0.290053 -0.149238
v 0.127383 0.316388 -0.149238
v -0.056017 0.33896 -0.149238
v -0.000527 0.232682 -0.148298
v -0.000527 0.256195 -0.148298
v 0.163122 0.244909 -0.147357
v 0.239303 0.261838 -0.147357
v -0.063541 0.268421 -0.147357
v 0.239303 0.281589 -0.147357
v 0.163122 0.297577 -0.147357
v -0.059779 0.308864 -0.147357
v -0.002408 0.230801 -0.146417
v -0.002408 0.258076 -0.146417
v 0.239303 0.272184 -0.146417
v -0.064482 0.280648 -0.146417
v -0.064482 0.301339 -0.146417
v -0.056017 0.335198 -0.146417
v 0.127383 0.229861 -0.145476
v 0.207326 0.245849 -0.145476
v 0.207326 0.297577 -0.145476
v -0.000527 0.232682 -0.144536
v -0.029683 0.240206 -0.144536
v 0.165944 0.252433 -0.144536
v -0.000527 0.256195 -0.144536
v -0.062601 0.277827 -0.144536
v 0.165944 0.290053 -0.144536
v -0.062601 0.304161 -0.144536
v -0.032504 0.239266 -0.142655
v -0.031564 0.243968 -0.142655
v 0.167825 0.261838 -0.142655
v 0.167825 0.281589 -0.142655
v -0.034385 0.241147 -0.141714
v 0.207326 0.253373 -0.141714
v 0.168765 0.271243 -0.141714
v 0.207326 0.290053 -0.141714
v -0.04285 0.335198 -0.141714
v 0.098227 0.244909 -0.140774
v 0.098227 0.298518 -0.140774
v -0.046612 0.333317 -0.140774
v 0.207326 0.261838 -0.138893
v 0.207326 0.281589 -0.138893
v -0.044731 0.305101 -0.138893
v -0.047553 0.308864 -0.138893
v 0.153717 0.244909 -0.137952
v 0.095405 0.253373 -0.137952
v 0.092584 0.261838 -0.137952
v -0.044731 0.271243 -0.137952
v 0.207326 0.272184 -0.137952
v 0.092584 0.281589 -0.137952
v 0.095405 0.290053 -0.137952
v 0.153717 0.298518 -0.137952
v -0.047553 0.268421 -0.137012
v 0.092584 0.272184 -0.137012
v -0.050374 0.277827 -0.136071
v -0.048493 0.280648 -0.136071
v -0.048493 0.301339 -0.136071
v -0.050374 0.304161 -0.136071
v 0.156538 0.253373 -0.135131
v 0.156538 0.290053 -0.135131
v 0.158419 0.261838 -0.13325
v 0.158419 0.281589 -0.13325
v 0.15936 0.272184 -0.132309
v 0.127383 0.245849 -0.130428
v 0.127383 0.297577 -0.130428
v 0.133966 0.253373 -0.126666
v 0.133966 0.290053 -0.126666
v 0.133966 0.261838 -0.124785
v 0.133966 0.281589 -0.124785
v 0.133966 0.272184 -0.123844
v 0.023926 0.242087 -0.110677
v 0.023926 0.322031 -0.110677
v 0.002295 0.201645 -0.105975
v 0.002295 0.212931 -0.105975
v -0.020278 0.201645 -0.105034
v -0.020278 0.212931 -0.105034
v 0.002305 0.203084 -0.105018
v -0.020278 0.199764 -0.104094
v -0.019337 0.215753 -0.102213
v 0.002295 0.215753 -0.102213
v 0.024811 0.202544 -0.100378
v 0.024867 0.201645 -0.100332
v 0.024867 0.212931 -0.100332
v -0.039088 0.201645 -0.099391
v -0.039088 0.212931 -0.099391
v 0.039915 0.242087 -0.099391
v 0.039915 0.322031 -0.099391
v -0.039088 0.199764 -0.098451
v 0.013581 0.232682 -0.098451
v 0.014521 0.232682 -0.098451
v 0.013581 0.242087 -0.098451
v 0.014521 0.242087 -0.098451
v 0.013581 0.322031 -0.098451
v 0.014521 0.322031 -0.098451
v 0.013581 0.334257 -0.098451
v 0.014521 0.334257 -0.098451
v 0.023926 0.215753 -0.09751
v 0.014521 0.230967 -0.09751
v 0.014521 0.335198 -0.09751
v -0.038147 0.215753 -0.09657
v -0.011813 0.304161 -0.094689
v -0.010873 0.305101 -0.094689
v -0.009932 0.252433 -0.093748
v -0.008051 0.253373 -0.093748
v -0.009932 0.295696 -0.093748
v -0.008992 0.295696 -0.093748
v -0.008051 0.251492 -0.092808
v -0.050374 0.201645 -0.091867
v -0.050374 0.212931 -0.091867
v -0.050374 0.199764 -0.090927
v 0.045558 0.201645 -0.090927
v 0.045558 0.212931 -0.090927
v -0.048493 0.215753 -0.089986
v 0.045737 0.204205 -0.089851
v 0.043677 0.215753 -0.088105
v 0.03145 0.232682 -0.086224
v 0.03145 0.242087 -0.086224
v 0.03145 0.322031 -0.086224
v 0.03145 0.334257 -0.086224
v 0.03051 0.23114 -0.085283
v 0.03051 0.335198 -0.085283
v -0.056958 0.199764 -0.084343
v -0.057898 0.201645 -0.084343
v -0.057898 0.212931 -0.084343
v 0.03145 0.232682 -0.084343
v 0.03145 0.242087 -0.084343
v 0.03145 0.322031 -0.084343
v 0.03145 0.334257 -0.084343
v 0.003235 0.253373 -0.083402
v 0.003235 0.255254 -0.083402
v 0.003235 0.300399 -0.083402
v 0.003235 0.30322 -0.083402
v -0.055077 0.215753 -0.082462
v -0.013694 0.215753 -0.082462
v -0.013694 0.225158 -0.082462
v 0.002295 0.251492 -0.082462
v 0.003235 0.30322 -0.082462
v -0.025921 0.215753 -0.080581
v -0.002408 0.215753 -0.080581
v -0.025921 0.225158 -0.080581
v -0.002408 0.225158 -0.080581
v -0.020278 0.295696 -0.07964
v -0.021218 0.297577 -0.07964
v 0.001354 0.335198 -0.07964
v 0.001354 0.344603 -0.07964
v -0.013694 0.22798 -0.0787
v -0.018397 0.235504 -0.0787
v 0.001354 0.346484 -0.0787
v -0.017456 0.234563 -0.077759
v -0.020278 0.295696 -0.077759
v -0.020278 0.297577 -0.077759
v -0.06072 0.199764 -0.076819
v -0.06166 0.201645 -0.076819
v -0.06166 0.212931 -0.076819
v -0.02498 0.22798 -0.076819
v -0.003349 0.22798 -0.076819
v -0.018397 0.235504 -0.076819
v 0.063428 0.201645 -0.075878
v 0.063428 0.212931 -0.075878
v -0.058839 0.215753 -0.075878
v -0.036266 0.215753 -0.074938
v 0.007938 0.215753 -0.074938
v -0.036266 0.225158 -0.074938
v 0.007938 0.225158 -0.074938
v 0.063664 0.197983 -0.074755
v 0.061547 0.215753 -0.073057
v -0.034385 0.22798 -0.072116
v 0.006057 0.22798 -0.072116
v -0.00523 0.317328 -0.072116
v -0.00617 0.317328 -0.070235
v -0.00617 0.319209 -0.070235
v -0.00617 0.237385 -0.069295
v -0.007111 0.238325 -0.069295
v -0.007111 0.313566 -0.069295
v -0.007111 0.314507 -0.069295
v -0.044731 0.215753 -0.067414
v 0.016402 0.215753 -0.067414
v -0.044731 0.225158 -0.067414
v 0.016402 0.225158 -0.067414
v -0.008051 0.322031 -0.067414
v 0.018283 0.335198 -0.067414
v 0.018283 0.344603 -0.067414
v 0.017343 0.346484 -0.067414
v -0.041909 0.22798 -0.065533
v 0.013581 0.22798 -0.065533
v -0.113388 0.279708 -0.065533
v -0.113388 0.301339 -0.065533
v -0.037207 0.359651 -0.065533
v -0.035326 0.360592 -0.064592
v 0.171587 0.199764 -0.063652
v 0.171587 0.213872 -0.063652
v -0.02404 0.232682 -0.063652
v -0.022159 0.232682 -0.063652
v -0.110567 0.277827 -0.063652
v -0.110567 0.304161 -0.063652
v -0.02404 0.313566 -0.063652
v -0.022159 0.313566 -0.063652
v 0.169706 0.199764 -0.062711
v 0.169706 0.213872 -0.062711
v 0.171587 0.215753 -0.062711
v -0.023099 0.231915 -0.062711
v -0.02404 0.314507 -0.062711
v -0.036266 0.337079 -0.061771
v -0.040969 0.359651 -0.061771
v -0.034385 0.336138 -0.06083
v -0.104924 0.277827 -0.05989
v -0.104924 0.304161 -0.05989
v -0.040028 0.360592 -0.05989
v -0.032504 0.369997 -0.05989
v -0.014635 0.232682 -0.058949
v -0.014635 0.313566 -0.058949
v 0.227077 0.199764 -0.058009
v 0.227077 0.213872 -0.058009
v -0.013694 0.231953 -0.058009
v -0.015575 0.314507 -0.058009
v -0.034385 0.369997 -0.058009
v 0.077535 0.199764 -0.057068
v 0.228958 0.199764 -0.057068
v 0.077535 0.201645 -0.057068
v 0.077535 0.212931 -0.057068
v 0.228958 0.213872 -0.057068
v -0.050374 0.215753 -0.057068
v 0.021105 0.215753 -0.057068
v -0.050374 0.225158 -0.057068
v 0.021105 0.225158 -0.057068
v 0.074714 0.215753 -0.056128
v 0.227077 0.215753 -0.056128
v -0.046612 0.22798 -0.056128
v 0.018283 0.22798 -0.056128
v -0.09834 0.277827 -0.056128
v -0.09834 0.304161 -0.056128
v -0.016516 0.334257 -0.056128
v -0.026861 0.369997 -0.056128
v 0.229009 0.201041 -0.055201
v 0.228958 0.213872 -0.055187
v 0.173468 0.215753 -0.055187
v -0.096459 0.279708 -0.055187
v -0.096459 0.301339 -0.055187
v -0.017456 0.335198 -0.055187
v -0.018397 0.344603 -0.055187
v -0.028742 0.369997 -0.054247
v -0.089876 0.232682 -0.053306
v -0.089876 0.256195 -0.053306
v -0.020278 0.341781 -0.053306
v -0.020278 0.360592 -0.053306
v 0.174408 0.220455 -0.052366
v -0.087995 0.230801 -0.052366
v -0.087995 0.258076 -0.052366
v -0.019337 0.346484 -0.052366
v -0.019337 0.346484 -0.051425
v -0.089876 0.232682 -0.050485
v -0.089876 0.256195 -0.050485
v 0.223315 0.215753 -0.049544
v -0.02404 0.341781 -0.048603
v -0.022159 0.346484 -0.048603
v -0.02498 0.360592 -0.048603
v 0.179111 0.220455 -0.047663
v 0.221434 0.220455 -0.047663
v -0.02404 0.344603 -0.046722
v -0.052255 0.215753 -0.045782
v 0.022986 0.215753 -0.045782
v -0.052255 0.225158 -0.045782
v 0.022986 0.225158 -0.045782
v -0.048493 0.22798 -0.045782
v -0.013694 0.22798 -0.045782
v 0.019224 0.22798 -0.045782
v -0.023099 0.334257 -0.045782
v -0.023099 0.335198 -0.045782
v -0.077649 0.230801 -0.044841
v -0.077649 0.258076 -0.044841
v 0.109513 0.199764 -0.043901
v 0.109513 0.213872 -0.043901
v 0.216731 0.220455 -0.043901
v -0.075768 0.232682 -0.043901
v -0.075768 0.256195 -0.043901
v 0.107632 0.199764 -0.04296
v 0.107632 0.213872 -0.04296
v -0.078589 0.232682 -0.04296
v -0.078589 0.256195 -0.04296
v -0.049434 0.297577 -0.04202
v -0.047553 0.297577 -0.04202
v -0.100221 0.229861 -0.041079
v -0.047553 0.235504 -0.041079
v -0.045672 0.235504 -0.041079
v -0.100221 0.258076 -0.041079
v -0.049434 0.295696 -0.041079
v -0.047553 0.295696 -0.041079
v -0.046612 0.234563 -0.040139
v -0.103043 0.229861 -0.039198
v -0.103043 0.258076 -0.039198
v -0.085173 0.306042 -0.039198
v -0.085173 0.619232 -0.039198
v 0.106691 0.199764 -0.038258
v 0.106691 0.213872 -0.038258
v 0.108572 0.215753 -0.038258
v -0.101162 0.22798 -0.038258
v -0.101162 0.259016 -0.038258
v -0.130318 0.337079 -0.038258
v -0.130318 0.619232 -0.038258
v 0.086941 0.199764 -0.037317
v 0.086941 0.201645 -0.037317
v 0.086941 0.212931 -0.037317
v -0.092697 0.229861 -0.037317
v -0.092697 0.258076 -0.037317
v -0.083292 0.304161 -0.037317
v -0.128437 0.335198 -0.037317
v -0.128437 0.621113 -0.037317
v -0.083292 0.621113 -0.037317
v 0.167825 0.199764 -0.036377
v 0.167825 0.213872 -0.036377
v 0.084119 0.215753 -0.036377
v -0.085173 0.306042 -0.036377
v -0.085173 0.619232 -0.036377
v -0.046612 0.22798 -0.035436
v 0.018283 0.22798 -0.035436
v -0.066363 0.325793 -0.035436
v -0.066363 0.594779 -0.035436
v -0.050374 0.215753 -0.034496
v 0.021105 0.215753 -0.034496
v -0.050374 0.225158 -0.034496
v 0.021105 0.225158 -0.034496
v -0.094578 0.22798 -0.034496
v -0.094578 0.259016 -0.034496
v -0.081411 0.304161 -0.034496
v -0.031564 0.322031 -0.034496
v -0.129377 0.337079 -0.034496
v -0.129377 0.619232 -0.034496
v -0.081411 0.621113 -0.034496
v -0.086114 0.229861 -0.033555
v -0.086114 0.258076 -0.033555
v -0.082351 0.306042 -0.033555
v -0.082351 0.619232 -0.033555
v -0.119031 0.333317 -0.032615
v -0.119031 0.334257 -0.032615
v 0.112334 0.215753 -0.031674
v -0.034385 0.238325 -0.031674
v -0.034385 0.313566 -0.031674
v -0.034385 0.314507 -0.031674
v -0.123734 0.334257 -0.031674
v -0.123734 0.335198 -0.031674
v 0.168765 0.215753 -0.030734
v -0.087995 0.22798 -0.030734
v -0.034385 0.237385 -0.030734
v -0.087995 0.259016 -0.030734
v -0.034385 0.319209 -0.030734
v -0.066363 0.322031 -0.030734
v -0.120912 0.332376 -0.030734
v -0.110567 0.333317 -0.030734
v -0.105864 0.333317 -0.030734
v -0.11621 0.336138 -0.030734
v -0.11621 0.359651 -0.030734
v -0.110567 0.359651 -0.030734
v -0.105864 0.359651 -0.030734
v -0.066363 0.598541 -0.030734
v -0.120912 0.621113 -0.030734
v 0.113275 0.220455 -0.029793
v -0.085173 0.229861 -0.029793
v -0.085173 0.258076 -0.029793
v -0.034385 0.317328 -0.029793
v -0.114329 0.333317 -0.029793
v -0.125615 0.336138 -0.029793
v -0.125615 0.359651 -0.029793
v -0.114329 0.359651 -0.029793
v -0.105864 0.261838 -0.028853
v -0.06072 0.304161 -0.028853
v -0.035326 0.315447 -0.028853
v -0.105864 0.331436 -0.028853
v -0.119031 0.361532 -0.028853
v -0.119031 0.619232 -0.028853
v -0.108686 0.261838 -0.027912
v -0.06072 0.305101 -0.027912
v -0.108686 0.331436 -0.027912
v -0.035326 0.335198 -0.027912
v -0.035326 0.344603 -0.027912
v -0.034385 0.346484 -0.027912
v -0.123734 0.361532 -0.027912
v -0.122793 0.361532 -0.027912
v -0.108686 0.362473 -0.027912
v -0.122793 0.619232 -0.027912
v -0.059779 0.295696 -0.026972
v -0.115269 0.332376 -0.026972
v -0.09834 0.333317 -0.026972
v -0.09834 0.359651 -0.026972
v -0.115269 0.362473 -0.026972
v 0.176289 0.220455 -0.026031
v -0.041909 0.22798 -0.026031
v 0.013581 0.22798 -0.026031
v -0.058839 0.252433 -0.026031
v -0.059779 0.295696 -0.026031
v -0.057898 0.251492 -0.025091
v -0.057898 0.253373 -0.025091
v -0.099281 0.261838 -0.025091
v -0.099281 0.331436 -0.025091
v -0.099281 0.362473 -0.025091
v -0.044731 0.215753 -0.02415
v 0.016402 0.215753 -0.02415
v 0.169706 0.215753 -0.02415
v 0.117037 0.220455 -0.02415
v -0.044731 0.225158 -0.02415
v 0.016402 0.225158 -0.02415
v 0.168765 0.220455 -0.02321
v 0.171587 0.220455 -0.02321
v -0.039088 0.24679 -0.02321
v -0.090816 0.333317 -0.02321
v -0.090816 0.359651 -0.02321
v -0.087054 0.306042 -0.022269
v -0.087054 0.619232 -0.022269
v -0.091757 0.261838 -0.021329
v -0.085173 0.304161 -0.021329
v -0.091757 0.331436 -0.021329
v -0.089876 0.333317 -0.021329
v -0.089876 0.359651 -0.021329
v -0.091757 0.362473 -0.021329
v -0.085173 0.621113 -0.021329
v -0.034385 0.22798 -0.019448
v 0.006057 0.22798 -0.019448
v -0.086114 0.306042 -0.019448
v -0.088935 0.333317 -0.019448
v -0.088935 0.359651 -0.019448
v -0.086114 0.619232 -0.019448
v 0.163122 0.220455 -0.018507
v -0.090816 0.261838 -0.018507
v -0.043791 0.30322 -0.018507
v -0.04285 0.30322 -0.018507
v -0.090816 0.331436 -0.018507
v -0.090816 0.362473 -0.018507
v -0.04285 0.253373 -0.017567
v -0.043791 0.255254 -0.017567
v -0.043791 0.300399 -0.017567
v -0.04285 0.300399 -0.017567
v -0.076708 0.304161 -0.017567
v -0.088935 0.333317 -0.017567
v -0.088935 0.359651 -0.017567
v -0.076708 0.621113 -0.017567
v 0.090703 0.199764 -0.016626
v 0.10387 0.199764 -0.016626
v 0.091643 0.201645 -0.016626
v 0.091643 0.212931 -0.016626
v 0.088822 0.215753 -0.016626
v -0.074827 0.306042 -0.016626
v -0.018397 0.346484 -0.016626
v -0.074827 0.619232 -0.016626
v -0.036266 0.215753 -0.015686
v 0.007938 0.215753 -0.015686
v -0.036266 0.225158 -0.015686
v 0.007938 0.225158 -0.015686
v -0.077649 0.306042 -0.015686
v -0.018397 0.335198 -0.015686
v -0.018397 0.344603 -0.015686
v -0.077649 0.619232 -0.015686
v -0.02498 0.22798 -0.014745
v -0.003349 0.22798 -0.014745
v -0.148187 0.199764 -0.012864
v -0.148187 0.200705 -0.012864
v -0.013694 0.22798 -0.012864
v -0.131258 0.199764 -0.010983
v -0.131258 0.200705 -0.010983
v -0.025921 0.215753 -0.010983
v -0.002408 0.215753 -0.010983
v -0.025921 0.225158 -0.010983
v -0.002408 0.225158 -0.010983
v -0.118091 0.261838 -0.010983
v -0.085173 0.306982 -0.010983
v -0.118091 0.331436 -0.010983
v -0.085173 0.617351 -0.010983
v -0.147247 0.21105 -0.010043
v -0.013694 0.215753 -0.010043
v -0.013694 0.225158 -0.010043
v -0.085173 0.306042 -0.010043
v -0.086114 0.306982 -0.010043
v -0.07953 0.306982 -0.010043
v -0.086114 0.617351 -0.010043
v -0.07953 0.617351 -0.010043
v -0.085173 0.618292 -0.010043
v -0.132199 0.21105 -0.009102
v -0.07953 0.306042 -0.009102
v -0.078589 0.306982 -0.009102
v -0.078589 0.617351 -0.009102
v -0.07953 0.618292 -0.009102
v -0.163235 0.199764 -0.008161
v -0.163235 0.200705 -0.008161
v -0.11715 0.261838 -0.008161
v -0.11715 0.331436 -0.008161
v -0.11715 0.362473 -0.008161
v -0.162295 0.21105 -0.00628
v -0.147247 0.214812 -0.00628
v -0.133139 0.214812 -0.00534
v -0.11621 0.199764 -0.004399
v -0.11621 0.200705 -0.004399
v -0.052255 0.232682 -0.004399
v -0.052255 0.242087 -0.004399
v -0.109626 0.261838 -0.004399
v -0.052255 0.322031 -0.004399
v -0.109626 0.331436 -0.004399
v -0.11621 0.333317 -0.004399
v -0.052255 0.334257 -0.004399
v -0.11621 0.359651 -0.004399
v -0.109626 0.362473 -0.004399
v -0.051315 0.230929 -0.003459
v -0.051315 0.335198 -0.003459
v -0.118091 0.21105 -0.002518
v -0.160414 0.214812 -0.002518
v -0.052255 0.232682 -0.002518
v -0.052255 0.242087 -0.002518
v -0.052255 0.322031 -0.002518
v -0.111507 0.333317 -0.002518
v -0.052255 0.334257 -0.002518
v -0.111507 0.359651 -0.002518
v -0.100221 0.261838 -0.001578
v -0.100221 0.331436 -0.001578
v -0.100221 0.362473 -0.001578
v -0.122793 0.227039 -0.000637
v -0.122793 0.256195 -0.000637
v 0.087881 0.215753 0.000303
v -0.103043 0.261838 0.000303
v -0.103043 0.331436 0.000303
v -0.099281 0.333317 0.000303
v -0.099281 0.359651 0.000303
v -0.103043 0.362473 0.000303
v 0.277864 0.000376 0.001244
v 0.279745 0.000376 0.001244
v 0.275983 0.001316 0.001244
v 0.175349 0.043639 0.001244
v 0.275983 0.043639 0.001244
v 0.173468 0.04552 0.001244
v 0.279745 0.04552 0.001244
v 0.17817 0.047401 0.001244
v 0.276924 0.047401 0.001244
v 0.228017 0.131107 0.001244
v 0.289151 0.132047 0.001244
v 0.225196 0.132988 0.001244
v 0.291032 0.133928 0.001244
v 0.227077 0.135809 0.001244
v 0.286329 0.13675 0.001244
v 0.295734 0.176251 0.001244
v 0.310782 0.176251 0.001244
v 0.312663 0.178132 0.001244
v 0.291032 0.180013 0.001244
v 0.30608 0.181894 0.001244
v 0.307961 0.182835 0.001244
v 0.307961 0.196002 0.001244
v 0.312663 0.198824 0.001244
v 0.089762 0.199764 0.001244
v 0.090703 0.201645 0.001244
v 0.090703 0.212931 0.001244
v -0.119972 0.214812 0.001244
v -0.120912 0.226098 0.001244
v -0.120912 0.258076 0.001244
v 0.310898 0.196696 0.001263
v -0.176403 0.199764 0.002184
v -0.176403 0.200705 0.002184
v -0.087054 0.306042 0.002184
v -0.088935 0.306982 0.002184
v -0.103983 0.333317 0.002184
v -0.102102 0.333317 0.002184
v -0.103983 0.359651 0.002184
v -0.102102 0.359651 0.002184
v -0.088935 0.617351 0.002184
v -0.087054 0.618292 0.002184
v -0.174522 0.21105 0.003125
v -0.082351 0.306042 0.003125
v -0.082351 0.618292 0.003125
v -0.087995 0.306982 0.004065
v -0.081411 0.306982 0.004065
v -0.087995 0.617351 0.004065
v -0.081411 0.617351 0.004065
v 0.227092 0.200916 0.005001
v -0.082351 0.306982 0.005006
v -0.082351 0.617351 0.005006
v -0.1717 0.214812 0.005946
v -0.115269 0.226098 0.005946
v -0.115269 0.258076 0.005946
v -0.103983 0.199764 0.006887
v -0.103983 0.200705 0.006887
v -0.034385 0.231742 0.006887
v -0.033445 0.232682 0.006887
v -0.033445 0.242087 0.006887
v -0.033445 0.322031 0.006887
v -0.033445 0.334257 0.006887
v -0.034385 0.335198 0.006887
v -0.035326 0.232682 0.007827
v -0.035326 0.242087 0.007827
v -0.149128 0.279708 0.007827
v -0.149128 0.301339 0.007827
v -0.090816 0.306042 0.007827
v -0.035326 0.322031 0.007827
v -0.035326 0.334257 0.007827
v -0.090816 0.590076 0.007827
v -0.090816 0.619232 0.007827
v -0.106805 0.21105 0.008768
v -0.146306 0.227039 0.008768
v -0.146306 0.256195 0.008768
v -0.146306 0.333317 0.008768
v -0.146306 0.359651 0.008768
v -0.146306 0.584433 0.008768
v -0.136901 0.584433 0.008768
v -0.146306 0.618292 0.008768
v -0.136901 0.618292 0.008768
v -0.144425 0.690711 0.008768
v -0.119031 0.81768 0.008768
v -0.136901 0.227039 0.009708
v -0.130318 0.227039 0.009708
v -0.06072 0.243028 0.009708
v -0.136901 0.256195 0.009708
v -0.130318 0.256195 0.009708
v -0.076708 0.306042 0.009708
v -0.06072 0.322031 0.009708
v -0.076708 0.590076 0.009708
v -0.076708 0.619232 0.009708
v -0.110567 0.214812 0.010649
v -0.145366 0.225158 0.010649
v -0.110567 0.226098 0.010649
v -0.15383 0.227039 0.010649
v -0.15383 0.256195 0.010649
v -0.145366 0.258076 0.010649
v -0.110567 0.258076 0.010649
v -0.145366 0.276886 0.010649
v -0.15383 0.279708 0.010649
v -0.15383 0.301339 0.010649
v -0.090816 0.304161 0.010649
v -0.145366 0.305101 0.010649
v -0.092697 0.306042 0.010649
v -0.145366 0.331436 0.010649
v -0.15383 0.333317 0.010649
v -0.15383 0.359651 0.010649
v -0.145366 0.362473 0.010649
v -0.145366 0.582552 0.010649
v -0.15383 0.584433 0.010649
v -0.092697 0.590076 0.010649
v -0.15383 0.618292 0.010649
v -0.092697 0.619232 0.010649
v -0.145366 0.620173 0.010649
v -0.090816 0.621113 0.010649
v -0.144425 0.68883 0.010649
v -0.135961 0.689771 0.010649
v -0.151949 0.691652 0.010649
v -0.111507 0.81674 0.010649
v -0.126556 0.818621 0.010649
v -0.119031 0.820502 0.010649
v -0.137842 0.225158 0.011589
v -0.108686 0.227039 0.011589
v -0.108686 0.256195 0.011589
v -0.137842 0.258076 0.011589
v -0.137842 0.276886 0.011589
v -0.077649 0.304161 0.011589
v -0.137842 0.305101 0.011589
v -0.137842 0.331436 0.011589
v -0.137842 0.362473 0.011589
v -0.137842 0.582552 0.011589
v -0.137842 0.620173 0.011589
v -0.077649 0.621113 0.011589
v -0.15289 0.225158 0.01253
v -0.15289 0.258076 0.01253
v -0.15289 0.276886 0.01253
v -0.15289 0.305101 0.01253
v -0.075768 0.306042 0.01253
v -0.15289 0.331436 0.01253
v -0.15289 0.362473 0.01253
v -0.15289 0.582552 0.01253
v -0.075768 0.590076 0.01253
v -0.075768 0.619232 0.01253
v -0.15289 0.620173 0.01253
v -0.136901 0.68789 0.01253
v -0.151949 0.689771 0.01253
v -0.111507 0.819561 0.01253
v -0.125615 0.821442 0.01253
v -0.129377 0.584433 0.01347
v -0.129377 0.618292 0.01347
v -0.145366 0.214812 0.014411
v -0.145366 0.225158 0.014411
v -0.145366 0.258076 0.014411
v -0.145366 0.276886 0.014411
v -0.126556 0.279708 0.014411
v -0.126556 0.301339 0.014411
v -0.145366 0.305101 0.014411
v -0.145366 0.331436 0.014411
v -0.126556 0.333317 0.014411
v -0.126556 0.359651 0.014411
v -0.145366 0.362473 0.014411
v -0.145366 0.582552 0.014411
v -0.145366 0.620173 0.014411
v -0.144425 0.68789 0.014411
v -0.184867 0.199764 0.015351
v -0.184867 0.200705 0.015351
v -0.138782 0.214812 0.015351
v -0.138782 0.225158 0.015351
v -0.130318 0.225158 0.015351
v -0.138782 0.258076 0.015351
v -0.130318 0.258076 0.015351
v -0.138782 0.276886 0.015351
v -0.130318 0.276886 0.015351
v -0.161354 0.279708 0.015351
v -0.161354 0.301339 0.015351
v -0.138782 0.305101 0.015351
v -0.130318 0.305101 0.015351
v -0.138782 0.331436 0.015351
v -0.130318 0.331436 0.015351
v -0.138782 0.362473 0.015351
v -0.130318 0.362473 0.015351
v -0.138782 0.582552 0.015351
v -0.130318 0.582552 0.015351
v -0.138782 0.620173 0.015351
v -0.130318 0.620173 0.015351
v -0.137842 0.686949 0.015351
v -0.129377 0.68883 0.015351
v -0.159473 0.692592 0.015351
v -0.104924 0.815799 0.015351
v -0.133139 0.819561 0.015351
v -0.182986 0.21105 0.016292
v -0.151009 0.214812 0.016292
v -0.151009 0.225158 0.016292
v -0.160414 0.227039 0.016292
v -0.160414 0.256195 0.016292
v -0.151009 0.258076 0.016292
v -0.151009 0.276886 0.016292
v -0.151009 0.305101 0.016292
v -0.151009 0.331436 0.016292
v -0.160414 0.333317 0.016292
v -0.160414 0.359651 0.016292
v -0.151009 0.362473 0.016292
v -0.151009 0.582552 0.016292
v -0.160414 0.584433 0.016292
v -0.160414 0.618292 0.016292
v -0.151009 0.620173 0.016292
v -0.130318 0.686949 0.016292
v -0.150068 0.68883 0.016292
v -0.105864 0.818621 0.016292
v -0.179224 0.214812 0.017232
v -0.159473 0.225158 0.017232
v -0.159473 0.258076 0.017232
v -0.159473 0.276886 0.017232
v -0.159473 0.305101 0.017232
v -0.159473 0.331436 0.017232
v -0.159473 0.362473 0.017232
v -0.159473 0.582552 0.017232
v -0.159473 0.620173 0.017232
v -0.157592 0.690711 0.017232
v -0.131258 0.822383 0.017232
v -0.133139 0.214812 0.018173
v -0.133139 0.225158 0.018173
v -0.133139 0.258076 0.018173
v -0.133139 0.276886 0.018173
v -0.133139 0.305101 0.018173
v -0.133139 0.331436 0.018173
v -0.133139 0.362473 0.018173
v -0.133139 0.582552 0.018173
v -0.133139 0.620173 0.018173
v -0.132199 0.686009 0.018173
v -0.123734 0.279708 0.019113
v -0.123734 0.301339 0.019113
v -0.156652 0.214812 0.020054
v -0.156652 0.225158 0.020054
v -0.044731 0.242087 0.020054
v -0.156652 0.258076 0.020054
v -0.156652 0.276886 0.020054
v -0.156652 0.305101 0.020054
v -0.044731 0.322031 0.020054
v -0.156652 0.331436 0.020054
v -0.123734 0.333317 0.020054
v -0.123734 0.359651 0.020054
v -0.156652 0.362473 0.020054
v -0.156652 0.582552 0.020054
v -0.123734 0.584433 0.020054
v -0.123734 0.618292 0.020054
v -0.156652 0.620173 0.020054
v -0.155711 0.689771 0.020054
v -0.125615 0.225158 0.020994
v -0.125615 0.258076 0.020994
v -0.125615 0.276886 0.020994
v -0.125615 0.305101 0.020994
v -0.125615 0.331436 0.020994
v -0.125615 0.362473 0.020994
v -0.125615 0.582552 0.020994
v -0.125615 0.620173 0.020994
v -0.124674 0.68789 0.020994
v -0.100221 0.814859 0.020994
v -0.09834 0.199764 0.021935
v -0.09834 0.200705 0.021935
v -0.125615 0.686009 0.021935
v -0.102102 0.81768 0.021935
v -0.101162 0.21105 0.022875
v -0.129377 0.214812 0.022875
v -0.129377 0.225158 0.022875
v -0.165116 0.227039 0.022875
v -0.165116 0.256195 0.022875
v -0.129377 0.258076 0.022875
v -0.129377 0.276886 0.022875
v -0.166998 0.279708 0.022875
v -0.166998 0.301339 0.022875
v -0.129377 0.305101 0.022875
v -0.129377 0.331436 0.022875
v -0.165116 0.333317 0.022875
v -0.165116 0.359651 0.022875
v -0.129377 0.362473 0.022875
v -0.129377 0.582552 0.022875
v -0.165116 0.584433 0.022875
v -0.165116 0.618292 0.022875
v -0.129377 0.620173 0.022875
v -0.128437 0.686009 0.022875
v -0.164176 0.693533 0.022875
v -0.137842 0.820502 0.022875
v -0.104924 0.214812 0.023816
v -0.163235 0.225158 0.023816
v -0.163235 0.258076 0.023816
v -0.165116 0.276886 0.023816
v -0.165116 0.305101 0.023816
v -0.163235 0.331436 0.023816
v -0.163235 0.362473 0.023816
v -0.163235 0.582552 0.023816
v -0.163235 0.620173 0.023816
v -0.162295 0.690711 0.023816
v -0.13502 0.823323 0.023816
v -0.159473 0.214812 0.024756
v -0.159473 0.225158 0.024756
v -0.159473 0.258076 0.024756
v -0.159473 0.276886 0.024756
v -0.159473 0.305101 0.024756
v -0.159473 0.331436 0.024756
v -0.159473 0.362473 0.024756
v -0.159473 0.582552 0.024756
v -0.159473 0.620173 0.024756
v -0.158533 0.689771 0.024756
v -0.216845 0.000376 0.026637
v -0.214023 0.000376 0.026637
v -0.212142 0.001316 0.026637
v -0.279859 0.176251 0.026637
v -0.267632 0.176251 0.026637
v -0.28174 0.178132 0.026637
v -0.26387 0.180013 0.026637
v -0.275156 0.181894 0.026637
v -0.277037 0.182835 0.026637
v -0.277037 0.196002 0.026637
v -0.28174 0.198824 0.026637
v -0.279859 0.199764 0.026637
v -0.120912 0.279708 0.026637
v -0.120912 0.301339 0.026637
v -0.077649 0.322031 0.026637
v -0.077649 0.598541 0.026637
v -0.123734 0.225158 0.027578
v -0.123734 0.258076 0.027578
v -0.123734 0.276886 0.027578
v -0.118091 0.281589 0.027578
v -0.118091 0.299458 0.027578
v -0.123734 0.305101 0.027578
v -0.123734 0.331436 0.027578
v -0.120912 0.333317 0.027578
v -0.120912 0.359651 0.027578
v -0.123734 0.362473 0.027578
v -0.123734 0.582552 0.027578
v -0.120912 0.584433 0.027578
v -0.120912 0.618292 0.027578
v -0.123734 0.620173 0.027578
v -0.127496 0.214812 0.028518
v -0.127496 0.225158 0.028518
v -0.127496 0.258076 0.028518
v -0.127496 0.276886 0.028518
v -0.127496 0.305101 0.028518
v -0.127496 0.331436 0.028518
v -0.127496 0.362473 0.028518
v -0.127496 0.582552 0.028518
v -0.127496 0.620173 0.028518
v -0.126556 0.686009 0.028518
v -0.123734 0.686009 0.028518
v -0.121853 0.68789 0.028518
v -0.09834 0.814859 0.028518
v -0.099281 0.81768 0.028518
v -0.169819 0.279708 0.029459
v -0.169819 0.301339 0.029459
v -0.08047 0.325793 0.029459
v -0.08047 0.594779 0.029459
v -0.188629 0.199764 0.030399
v -0.188629 0.200705 0.030399
v -0.185808 0.21105 0.030399
v -0.182046 0.214812 0.030399
v -0.160414 0.214812 0.030399
v -0.164176 0.225158 0.030399
v -0.160414 0.225158 0.030399
v -0.166057 0.227039 0.030399
v -0.121853 0.227039 0.030399
v -0.166057 0.256195 0.030399
v -0.121853 0.256195 0.030399
v -0.164176 0.258076 0.030399
v -0.160414 0.258076 0.030399
v -0.167938 0.276886 0.030399
v -0.160414 0.276886 0.030399
v -0.167938 0.305101 0.030399
v -0.160414 0.305101 0.030399
v -0.164176 0.331436 0.030399
v -0.160414 0.331436 0.030399
v -0.166057 0.333317 0.030399
v -0.166057 0.359651 0.030399
v -0.164176 0.362473 0.030399
v -0.160414 0.362473 0.030399
v -0.164176 0.582552 0.030399
v -0.160414 0.582552 0.030399
v -0.166057 0.584433 0.030399
v -0.166057 0.618292 0.030399
v -0.164176 0.620173 0.030399
v -0.160414 0.620173 0.030399
v -0.159473 0.689771 0.030399
v -0.163235 0.690711 0.030399
v -0.165116 0.693533 0.030399
v -0.138782 0.820502 0.030399
v -0.119031 0.820502 0.030399
v -0.136901 0.823323 0.030399
v -0.127496 0.214812 0.033221
v -0.127496 0.225158 0.033221
v -0.127496 0.258076 0.033221
v -0.127496 0.276886 0.033221
v -0.127496 0.305101 0.033221
v -0.127496 0.331436 0.033221
v -0.127496 0.362473 0.033221
v -0.127496 0.582552 0.033221
v -0.127496 0.620173 0.033221
v -0.126556 0.686009 0.033221
v -0.123734 0.225158 0.034162
v -0.121853 0.227039 0.034162
v -0.121853 0.256195 0.034162
v -0.123734 0.258076 0.034162
v -0.123734 0.276886 0.034162
v -0.119972 0.279708 0.034162
v -0.118091 0.281589 0.034162
v -0.118091 0.299458 0.034162
v -0.119972 0.301339 0.034162
v -0.123734 0.305101 0.034162
v -0.123734 0.331436 0.034162
v -0.120912 0.333317 0.034162
v -0.120912 0.359651 0.034162
v -0.123734 0.362473 0.034162
v -0.123734 0.582552 0.034162
v -0.120912 0.584433 0.034162
v -0.120912 0.618292 0.034162
v -0.123734 0.620173 0.034162
v -0.123734 0.686009 0.034162
v -0.121853 0.68789 0.034162
v -0.09834 0.814859 0.034162
v -0.099281 0.81768 0.034162
v -0.159473 0.214812 0.036043
v -0.159473 0.225158 0.036043
v -0.159473 0.258076 0.036043
v -0.159473 0.276886 0.036043
v -0.159473 0.305101 0.036043
v -0.159473 0.331436 0.036043
v -0.159473 0.362473 0.036043
v -0.159473 0.582552 0.036043
v -0.159473 0.620173 0.036043
v -0.158533 0.689771 0.036043
v -0.163235 0.225158 0.037924
v -0.165116 0.227039 0.037924
v -0.165116 0.256195 0.037924
v -0.163235 0.258076 0.037924
v -0.163235 0.331436 0.037924
v -0.165116 0.333317 0.037924
v -0.165116 0.359651 0.037924
v -0.163235 0.362473 0.037924
v -0.163235 0.582552 0.037924
v -0.165116 0.584433 0.037924
v -0.165116 0.618292 0.037924
v -0.163235 0.620173 0.037924
v -0.162295 0.690711 0.037924
v -0.164176 0.693533 0.037924
v -0.137842 0.820502 0.037924
v -0.13502 0.823323 0.037924
v -0.129377 0.214812 0.038864
v -0.104924 0.214812 0.038864
v -0.129377 0.225158 0.038864
v -0.129377 0.258076 0.038864
v -0.129377 0.276886 0.038864
v -0.1717 0.277827 0.038864
v -0.173581 0.279708 0.038864
v -0.173581 0.301339 0.038864
v -0.1717 0.304161 0.038864
v -0.129377 0.305101 0.038864
v -0.129377 0.331436 0.038864
v -0.129377 0.362473 0.038864
v -0.129377 0.582552 0.038864
v -0.129377 0.620173 0.038864
v -0.128437 0.686009 0.038864
v -0.101162 0.21105 0.039805
v -0.125615 0.686009 0.039805
v -0.102102 0.81768 0.039805
v -0.09834 0.199764 0.040745
v -0.09834 0.200705 0.040745
v -0.125615 0.225158 0.040745
v -0.125615 0.258076 0.040745
v -0.125615 0.276886 0.040745
v -0.125615 0.305101 0.040745
v -0.125615 0.331436 0.040745
v -0.125615 0.362473 0.040745
v -0.125615 0.582552 0.040745
v -0.125615 0.620173 0.040745
v -0.124674 0.68789 0.040745
v -0.100221 0.814859 0.040745
v -0.156652 0.214812 0.041686
v -0.156652 0.225158 0.041686
v -0.124674 0.227039 0.041686
v -0.124674 0.256195 0.041686
v -0.156652 0.258076 0.041686
v -0.156652 0.276886 0.041686
v -0.156652 0.305101 0.041686
v -0.156652 0.331436 0.041686
v -0.123734 0.333317 0.041686
v -0.123734 0.359651 0.041686
v -0.156652 0.362473 0.041686
v -0.156652 0.582552 0.041686
v -0.125615 0.584433 0.041686
v -0.123734 0.584433 0.041686
v -0.123734 0.618292 0.041686
v -0.156652 0.620173 0.041686
v -0.155711 0.689771 0.041686
v -0.122793 0.279708 0.042626
v -0.122793 0.301339 0.042626
v -0.123734 0.336138 0.042626
v -0.125615 0.361532 0.042626
v -0.126556 0.362473 0.042626
v -0.126556 0.582552 0.042626
v -0.123734 0.582552 0.042626
v -0.125615 0.584433 0.042626
v -0.121853 0.586314 0.042626
v -0.121853 0.618292 0.042626
v -0.123734 0.620173 0.042626
v -0.133139 0.214812 0.043567
v -0.133139 0.225158 0.043567
v -0.133139 0.258076 0.043567
v -0.133139 0.276886 0.043567
v -0.121853 0.281589 0.043567
v -0.121853 0.299458 0.043567
v -0.133139 0.305101 0.043567
v -0.133139 0.331436 0.043567
v -0.125615 0.336138 0.043567
v -0.123734 0.336138 0.043567
v -0.125615 0.346484 0.043567
v -0.123734 0.359651 0.043567
v -0.133139 0.362473 0.043567
v -0.133139 0.582552 0.043567
v -0.125615 0.582552 0.043567
v -0.123734 0.586314 0.043567
v -0.123734 0.618292 0.043567
v -0.133139 0.620173 0.043567
v -0.126556 0.620173 0.043567
v -0.132199 0.686009 0.043567
v -0.157592 0.690711 0.043567
v -0.131258 0.822383 0.043567
v -0.179224 0.214812 0.044507
v -0.159473 0.225158 0.044507
v -0.159473 0.258076 0.044507
v -0.159473 0.331436 0.044507
v -0.123734 0.334257 0.044507
v -0.121853 0.336138 0.044507
v -0.159473 0.362473 0.044507
v -0.159473 0.582552 0.044507
v -0.121853 0.584433 0.044507
v -0.121853 0.618292 0.044507
v -0.159473 0.620173 0.044507
v -0.122793 0.620173 0.044507
v -0.182986 0.21105 0.045448
v -0.151009 0.214812 0.045448
v -0.151009 0.225158 0.045448
v -0.160414 0.227039 0.045448
v -0.160414 0.256195 0.045448
v -0.151009 0.258076 0.045448
v -0.151009 0.276886 0.045448
v -0.151009 0.305101 0.045448
v -0.151009 0.331436 0.045448
v -0.160414 0.333317 0.045448
v -0.123734 0.334257 0.045448
v -0.125615 0.335198 0.045448
v -0.160414 0.359651 0.045448
v -0.151009 0.362473 0.045448
v -0.151009 0.582552 0.045448
v -0.160414 0.584433 0.045448
v -0.160414 0.618292 0.045448
v -0.151009 0.620173 0.045448
v -0.130318 0.686949 0.045448
v -0.150068 0.68883 0.045448
v -0.159473 0.692592 0.045448
v -0.105864 0.818621 0.045448
v -0.133139 0.819561 0.045448
v -0.184867 0.199764 0.046388
v -0.184867 0.200705 0.046388
v -0.138782 0.214812 0.046388
v -0.138782 0.225158 0.046388
v -0.130318 0.225158 0.046388
v -0.138782 0.258076 0.046388
v -0.130318 0.258076 0.046388
v -0.138782 0.276886 0.046388
v -0.130318 0.276886 0.046388
v -0.138782 0.305101 0.046388
v -0.130318 0.305101 0.046388
v -0.138782 0.331436 0.046388
v -0.130318 0.331436 0.046388
v -0.136901 0.362473 0.046388
v -0.136901 0.582552 0.046388
v -0.138782 0.620173 0.046388
v -0.130318 0.620173 0.046388
v -0.137842 0.686949 0.046388
v -0.129377 0.68883 0.046388
v -0.104924 0.815799 0.046388
v -0.145366 0.214812 0.047329
v -0.145366 0.225158 0.047329
v -0.129377 0.227039 0.047329
v -0.129377 0.256195 0.047329
v -0.145366 0.258076 0.047329
v -0.145366 0.276886 0.047329
v -0.175462 0.279708 0.047329
v -0.175462 0.301339 0.047329
v -0.145366 0.305101 0.047329
v -0.145366 0.331436 0.047329
v -0.145366 0.362473 0.047329
v -0.145366 0.582552 0.047329
v -0.145366 0.620173 0.047329
v -0.144425 0.68789 0.047329
v -0.173581 0.277827 0.048269
v -0.173581 0.304161 0.048269
v -0.128437 0.333317 0.048269
v -0.124674 0.333317 0.048269
v -0.122793 0.333317 0.048269
v -0.126556 0.334257 0.048269
v -0.122793 0.334257 0.048269
v -0.120912 0.336138 0.048269
v -0.124674 0.359651 0.048269
v -0.124674 0.619232 0.048269
v -0.120912 0.619232 0.048269
v -0.123734 0.621113 0.048269
v -0.122793 0.621113 0.048269
v -0.151949 0.689771 0.048269
v -0.111507 0.819561 0.048269
v -0.125615 0.821442 0.048269
v -0.15289 0.225158 0.04921
v -0.15289 0.258076 0.04921
v -0.15289 0.276886 0.04921
v -0.15289 0.305101 0.04921
v -0.15289 0.331436 0.04921
v -0.15289 0.362473 0.04921
v -0.15289 0.582552 0.04921
v -0.15289 0.620173 0.04921
v -0.136901 0.68789 0.04921
v -0.137842 0.225158 0.05015
v -0.137842 0.258076 0.05015
v -0.137842 0.276886 0.05015
v -0.128437 0.279708 0.05015
v -0.128437 0.301339 0.05015
v -0.137842 0.305101 0.05015
v -0.137842 0.331436 0.05015
v -0.137842 0.582552 0.05015
v -0.137842 0.620173 0.05015
v -0.144425 0.68883 0.05015
v -0.135961 0.689771 0.05015
v -0.151949 0.691652 0.05015
v -0.111507 0.81674 0.05015
v -0.126556 0.818621 0.05015
v -0.119031 0.820502 0.05015
v -0.145366 0.225158 0.051091
v -0.145366 0.258076 0.051091
v -0.145366 0.276886 0.051091
v -0.145366 0.305101 0.051091
v -0.145366 0.331436 0.051091
v -0.15383 0.333317 0.051091
v -0.123734 0.336138 0.051091
v -0.122793 0.336138 0.051091
v -0.122793 0.35683 0.051091
v -0.15383 0.359651 0.051091
v -0.145366 0.582552 0.051091
v -0.15383 0.584433 0.051091
v -0.15383 0.618292 0.051091
v -0.122793 0.619232 0.051091
v -0.145366 0.620173 0.051091
v -0.13502 0.620173 0.051091
v -0.110567 0.214812 0.052031
v -0.127496 0.281589 0.052031
v -0.127496 0.299458 0.052031
v -0.144425 0.690711 0.052031
v -0.119031 0.81768 0.052031
v -0.15289 0.279708 0.052972
v -0.15289 0.301339 0.052972
v -0.151009 0.333317 0.052972
v -0.145366 0.333317 0.052972
v -0.136901 0.333317 0.052972
v -0.151009 0.359651 0.052972
v -0.145366 0.361532 0.052972
v -0.136901 0.361532 0.052972
v -0.136901 0.584433 0.052972
v -0.136901 0.618292 0.052972
v -0.136901 0.619232 0.052972
v -0.106805 0.21105 0.053912
v -0.145366 0.279708 0.053912
v -0.136901 0.279708 0.053912
v -0.145366 0.301339 0.053912
v -0.136901 0.301339 0.053912
v -0.15383 0.336138 0.053912
v -0.15383 0.35683 0.053912
v -0.146306 0.584433 0.053912
v -0.146306 0.618292 0.053912
v -0.159473 0.277827 0.054853
v -0.159473 0.304161 0.054853
v -0.103983 0.199764 0.055793
v -0.103983 0.200705 0.055793
v -0.1717 0.214812 0.055793
v -0.13408 0.281589 0.055793
v -0.13408 0.299458 0.055793
v -0.157592 0.226098 0.056734
v -0.13502 0.226098 0.056734
v -0.158533 0.227039 0.056734
v -0.13408 0.227039 0.056734
v -0.158533 0.256195 0.056734
v -0.13408 0.256195 0.056734
v -0.157592 0.257135 0.056734
v -0.13502 0.257135 0.056734
v -0.175462 0.277827 0.056734
v -0.178284 0.279708 0.056734
v -0.157592 0.279708 0.056734
v -0.178284 0.301339 0.056734
v -0.157592 0.301339 0.056734
v -0.175462 0.304161 0.056734
v -0.15289 0.225158 0.057674
v -0.15289 0.258076 0.057674
v -0.174522 0.21105 0.058615
v -0.137842 0.226098 0.058615
v -0.157592 0.227039 0.058615
v -0.13502 0.227039 0.058615
v -0.157592 0.256195 0.058615
v -0.13502 0.256195 0.058615
v -0.137842 0.258076 0.058615
v -0.176403 0.199764 0.059555
v -0.176403 0.200705 0.059555
v -0.145366 0.225158 0.059555
v -0.15383 0.227039 0.059555
v -0.15383 0.256195 0.059555
v -0.145366 0.258076 0.059555
v -0.137842 0.227039 0.060496
v -0.137842 0.256195 0.060496
v -0.145366 0.227039 0.061436
v -0.145366 0.256195 0.061436
v -0.119972 0.214812 0.062377
v -0.160414 0.214812 0.064258
v -0.118091 0.21105 0.065198
v -0.11621 0.199764 0.067079
v -0.11621 0.200705 0.067079
v -0.162295 0.21105 0.06802
v -0.133139 0.214812 0.06802
v -0.147247 0.214812 0.06896
v -0.163235 0.199764 0.070841
v -0.163235 0.200705 0.070841
v -0.132199 0.21105 0.071782
v -0.147247 0.21105 0.072722
v -0.131258 0.199764 0.073663
v -0.131258 0.200705 0.073663
v -0.180165 0.279708 0.073663
v -0.180165 0.301339 0.073663
v -0.177343 0.277827 0.074604
v -0.165116 0.277827 0.074604
v -0.162295 0.279708 0.074604
v -0.162295 0.301339 0.074604
v -0.177343 0.304161 0.074604
v -0.165116 0.304161 0.074604
v -0.148187 0.199764 0.075544
v -0.148187 0.200705 0.075544
v -0.179224 0.277827 0.090592
v -0.166998 0.277827 0.090592
v -0.182046 0.279708 0.090592
v -0.164176 0.279708 0.090592
v -0.182046 0.301339 0.090592
v -0.164176 0.301339 0.090592
v -0.179224 0.304161 0.090592
v -0.166998 0.304161 0.090592
v 0.137728 0.220455 0.092473
v 0.15936 0.220455 0.094354
v 0.171587 0.220455 0.094354
v 0.142431 0.220455 0.097176
v 0.143371 0.215753 0.099057
v 0.163122 0.220455 0.099057
v 0.166884 0.220455 0.099057
v 0.165003 0.215753 0.100938
v 0.147133 0.215753 0.10564
v 0.163122 0.215753 0.106581
v -0.180165 0.277827 0.106581
v -0.167938 0.277827 0.106581
v -0.183927 0.279708 0.106581
v -0.165116 0.279708 0.106581
v -0.183927 0.301339 0.106581
v -0.165116 0.301339 0.106581
v -0.180165 0.304161 0.106581
v -0.167938 0.304161 0.106581
v -0.138782 0.334257 0.106581
v 0.149014 0.199764 0.110343
v 0.149014 0.213872 0.110343
v 0.1603 0.199764 0.111283
v 0.1603 0.213872 0.111283
v -0.141604 0.336138 0.111283
v -0.141604 0.359651 0.111283
v -0.181105 0.277827 0.12257
v -0.167938 0.277827 0.12257
v -0.183927 0.279708 0.12257
v -0.166057 0.279708 0.12257
v -0.183927 0.301339 0.12257
v -0.166057 0.301339 0.12257
v -0.181105 0.304161 0.12257
v -0.167938 0.304161 0.12257
v 0.101989 0.220455 0.149844
v 0.133026 0.220455 0.153606
v 0.097286 0.220455 0.154547
v 0.167825 0.220455 0.155488
v 0.095405 0.215753 0.156428
v 0.136788 0.220455 0.15925
v 0.207326 0.220455 0.15925
v 0.137728 0.215753 0.161131
v 0.163122 0.220455 0.161131
v -0.147247 0.336138 0.162071
v -0.147247 0.35683 0.162071
v -0.150068 0.359651 0.162071
v 0.089762 0.215753 0.163012
v 0.162182 0.215753 0.163012
v 0.086941 0.199764 0.163952
v 0.086941 0.213872 0.163952
v -0.169819 0.336138 0.163952
v -0.169819 0.35683 0.163952
v -0.166998 0.359651 0.163952
v 0.088822 0.199764 0.164893
v 0.088822 0.213872 0.164893
v 0.090703 0.199764 0.165833
v 0.090703 0.213872 0.165833
v 0.211088 0.220455 0.165833
v 0.143371 0.199764 0.167714
v 0.143371 0.213872 0.167714
v 0.212029 0.215753 0.167714
v 0.155598 0.199764 0.168655
v 0.155598 0.213872 0.168655
v 0.14149 0.215753 0.168655
v 0.157479 0.215753 0.168655
v 0.142431 0.199764 0.170536
v 0.142431 0.213872 0.170536
v -0.17076 0.333317 0.170536
v 0.14149 0.199764 0.171476
v 0.156538 0.199764 0.171476
v 0.158419 0.199764 0.171476
v 0.14149 0.213872 0.171476
v 0.156538 0.213872 0.171476
v 0.158419 0.213872 0.171476
v -0.154771 0.333317 0.171476
v 0.217672 0.200274 0.173357
v 0.217672 0.213872 0.173357
v 0.215791 0.215753 0.174298
v 0.090703 0.199764 0.176179
v 0.216731 0.199764 0.176179
v 0.090703 0.213872 0.176179
v 0.216731 0.213872 0.176179
v 0.215791 0.200271 0.177105
v 0.089762 0.199764 0.177119
v 0.094465 0.199764 0.177119
v 0.089762 0.213872 0.177119
v 0.094465 0.213872 0.177119
v 0.215791 0.213872 0.177119
v 0.310914 0.199311 0.177121
v 0.091643 0.215753 0.17806
v -0.172641 0.351187 0.182762
v -0.15383 0.351187 0.183703
v -0.169819 0.353068 0.184643
v 0.094465 0.215753 0.185584
v -0.156652 0.353068 0.185584
v 0.095405 0.220455 0.187465
v 0.098227 0.220455 0.194048
v -0.181105 0.304161 0.197811
v -0.164176 0.304161 0.198751
v -0.130318 0.199764 0.203454
v -0.131258 0.201645 0.203454
v -0.131258 0.212931 0.203454
v -0.128437 0.215753 0.203454
v 0.180992 0.199764 0.208156
v 0.180992 0.213872 0.208156
v 0.181932 0.199764 0.209097
v 0.181932 0.213872 0.209097
v -0.127496 0.215753 0.210037
v 0.180051 0.215753 0.210037
v 0.181933 0.201228 0.210966
v -0.129377 0.199764 0.210978
v -0.130318 0.201645 0.210978
v -0.130318 0.212931 0.210978
v 0.181932 0.213872 0.210978
v 0.173468 0.215753 0.213799
v -0.181105 0.311685 0.213799
v 0.171587 0.220455 0.21474
v -0.163235 0.311685 0.21474
v -0.179224 0.313566 0.216621
v -0.166057 0.313566 0.216621
v 0.165003 0.220455 0.218502
v -0.182986 0.301339 0.219442
v -0.165116 0.301339 0.220383
v -0.121853 0.215753 0.222264
v -0.180165 0.301339 0.222264
v -0.123734 0.199764 0.223204
v -0.166998 0.301339 0.223204
v -0.124674 0.201645 0.224145
v -0.124674 0.212931 0.224145
v -0.180165 0.278767 0.224145
v -0.166998 0.278767 0.224145
v -0.182986 0.280648 0.224145
v -0.165116 0.280648 0.224145
v -0.180165 0.280648 0.226966
v -0.166998 0.280648 0.226966
v -0.109626 0.215753 0.238253
v -0.111507 0.199764 0.240134
v -0.112448 0.201645 0.240134
v -0.112448 0.212931 0.240134
v -0.092697 0.215753 0.25236
v -0.093638 0.199764 0.254241
v -0.094578 0.201645 0.255182
v -0.094578 0.212931 0.255182
v -0.014635 0.215753 0.258944
v -0.012754 0.199764 0.259884
v -0.011813 0.201645 0.260825
v -0.011813 0.212931 0.260825
v -0.072006 0.215753 0.262706
v -0.019337 0.215753 0.262706
v -0.018397 0.199764 0.264587
v -0.072946 0.199764 0.265527
v -0.017456 0.201645 0.265527
v -0.017456 0.212931 0.265527
v -0.072946 0.201645 0.266468
v -0.072946 0.212931 0.266468
v -0.029683 0.215753 0.266468
v -0.050374 0.215753 0.267408
v -0.029683 0.199764 0.269289
v -0.050374 0.199764 0.27023
v -0.029683 0.201645 0.27023
v -0.029683 0.212931 0.27023
v -0.050374 0.201645 0.27117
v -0.050374 0.212931 0.27117
v 0.059666 0.220455 0.30785
v 0.053082 0.220455 0.312553
v 0.051201 0.215753 0.313493
v -0.118091 0.239266 0.313493
v -0.105864 0.22798 0.314434
v -0.122793 0.243028 0.314434
v 0.041796 0.199764 0.317256
v 0.041796 0.213872 0.317256
v 0.044618 0.215753 0.318196
v 0.043677 0.199764 0.320077
v 0.043677 0.213872 0.320077
v -0.096459 0.261838 0.320077
v -0.086114 0.253373 0.321018
v -0.101162 0.2656 0.321018
v 0.044618 0.199764 0.321958
v 0.044618 0.213872 0.321958
v -0.094578 0.217634 0.321958
v -0.13408 0.218574 0.321958
v -0.095519 0.263719 0.321958
v -0.125615 0.21105 0.322899
v -0.136901 0.220455 0.322899
v -0.085173 0.255254 0.322899
v -0.099281 0.267481 0.322899
v -0.13502 0.216693 0.323839
v -0.127496 0.21011 0.32478
v -0.137842 0.218574 0.32478
v -0.076708 0.244909 0.326661
v -0.076708 0.24773 0.328542
v -0.087054 0.211991 0.331363
v 0.120799 0.220455 0.331363
v -0.139723 0.257135 0.331363
v -0.108686 0.199764 0.333244
v -0.110567 0.199764 0.334185
v -0.105864 0.199764 0.334185
v -0.070125 0.240206 0.334185
v -0.11621 0.277827 0.334185
v -0.070125 0.243028 0.336066
v -0.113388 0.278767 0.336066
v -0.151949 0.232682 0.337006
v 0.076595 0.04552 0.337947
v 0.123621 0.220455 0.337947
v -0.099281 0.199764 0.338887
v -0.151949 0.230801 0.338887
v 0.174408 0.001316 0.339828
v 0.078476 0.043639 0.339828
v -0.105864 0.196002 0.339828
v 0.124561 0.215753 0.339828
v -0.091757 0.255254 0.340768
v -0.088935 0.257135 0.340768
v -0.096459 0.259016 0.340768
v -0.093638 0.261838 0.340768
v 0.176289 0.000376 0.341709
v 0.081298 0.047401 0.341709
v -0.105864 0.195062 0.341709
v -0.103983 0.195062 0.341709
v -0.108686 0.196002 0.341709
v -0.101162 0.196002 0.341709
v 0.17723 0.000376 0.34359
v -0.087995 0.250552 0.34359
v -0.084233 0.254314 0.34359
v -0.102102 0.263719 0.34359
v -0.100221 0.26654 0.34359
v 0.174408 0.043639 0.34453
v 0.132085 0.132988 0.34453
v 0.174408 0.047401 0.345471
v -0.081411 0.251492 0.346411
v -0.103043 0.269362 0.346411
v 0.17723 0.04552 0.347352
v 0.133026 0.135809 0.347352
v 0.128323 0.215753 0.347352
v -0.085173 0.24773 0.347352
v -0.105864 0.26654 0.347352
v 0.133966 0.131107 0.348292
v 0.131145 0.199764 0.348292
v 0.131145 0.213872 0.348292
v 0.127383 0.199764 0.350173
v 0.129264 0.199764 0.350173
v 0.127383 0.213872 0.350173
v 0.129264 0.213872 0.350173
v -0.04285 0.04552 0.352995
v -0.078589 0.207288 0.353935
v -0.156652 0.233623 0.353935
v -0.063541 0.235504 0.353935
v -0.156652 0.236444 0.353935
v -0.064482 0.238325 0.353935
v -0.147247 0.262778 0.353935
v -0.122793 0.282529 0.353935
v -0.119972 0.282529 0.353935
v -0.043791 0.043639 0.355816
v -0.082351 0.245849 0.355816
v -0.078589 0.249611 0.355816
v -0.108686 0.268421 0.355816
v -0.105864 0.272184 0.355816
v -0.177343 0.658734 0.355816
v -0.177343 0.656853 0.356757
v -0.123734 0.199764 0.357698
v -0.040969 0.046461 0.358638
v -0.103043 0.1913 0.358638
v -0.101162 0.1913 0.358638
v -0.119972 0.196002 0.358638
v -0.092697 0.196002 0.358638
v -0.126556 0.199764 0.358638
v -0.087995 0.199764 0.358638
v -0.135961 0.205407 0.358638
v -0.092697 0.256195 0.358638
v -0.162295 0.65121 0.358638
v -0.137842 0.207288 0.360519
v -0.082351 0.245849 0.360519
v -0.078589 0.249611 0.360519
v -0.108686 0.268421 0.360519
v -0.105864 0.272184 0.360519
v -0.102102 0.1913 0.3624
v -0.119031 0.196002 0.3624
v -0.093638 0.196002 0.3624
v -0.126556 0.199764 0.3624
v -0.088935 0.199764 0.3624
v -0.135961 0.205407 0.3624
v -0.078589 0.207288 0.3624
v -0.156652 0.233623 0.3624
v -0.063541 0.235504 0.3624
v -0.156652 0.236444 0.3624
v -0.064482 0.238325 0.3624
v -0.147247 0.262778 0.3624
v -0.122793 0.282529 0.3624
v -0.119972 0.282529 0.3624
v -0.151009 0.65121 0.3624
v -0.158533 0.655912 0.3624
v -0.148187 0.65215 0.363341
v -0.043791 0.001316 0.364281
v -0.043791 0.132988 0.364281
v -0.151009 0.65215 0.364281
v -0.157592 0.655912 0.364281
v -0.043791 0.000376 0.366162
v -0.044731 0.132988 0.366162
v -0.041909 0.135809 0.367103
v -0.043791 0.000376 0.368043
v 0.189456 0.13675 0.368043
v -0.040969 0.131107 0.369924
v 0.191337 0.132047 0.369924
v -0.085173 0.24773 0.369924
v -0.081411 0.251492 0.369924
v -0.105864 0.26654 0.369924
v -0.103043 0.269362 0.369924
v -0.043791 0.043639 0.371805
v -0.043791 0.04552 0.371805
v 0.193218 0.133928 0.371805
v 0.192278 0.180013 0.373686
v -0.087995 0.250552 0.373686
v -0.084233 0.254314 0.373686
v -0.102102 0.263719 0.373686
v -0.100221 0.26654 0.373686
v -0.115269 0.325793 0.373686
v -0.115269 0.594779 0.373686
v -0.040028 0.046461 0.374627
v -0.088935 0.913612 0.374627
v -0.087995 0.914553 0.374627
v -0.043791 0.043639 0.376508
v -0.091757 0.255254 0.376508
v -0.088935 0.257135 0.376508
v -0.096459 0.259016 0.376508
v -0.093638 0.261838 0.376508
v 0.195099 0.176251 0.377448
v -0.106805 0.195062 0.377448
v -0.105864 0.195062 0.377448
v -0.110567 0.196002 0.377448
v -0.103983 0.196002 0.377448
v -0.151949 0.230801 0.377448
v -0.113388 0.322031 0.377448
v -0.113388 0.598541 0.377448
v -0.147247 0.001316 0.378389
v -0.106805 0.196002 0.378389
v -0.151949 0.232682 0.378389
v -0.070125 0.875992 0.379329
v -0.071065 0.877873 0.379329
v -0.07953 0.882575 0.379329
v -0.149128 0.000376 0.38027
v -0.103043 0.199764 0.38027
v -0.072006 0.876932 0.38027
v -0.07953 0.881635 0.38027
v -0.081411 0.882575 0.38027
v -0.151009 0.000376 0.38121
v -0.115269 0.199764 0.38121
v -0.070125 0.243028 0.38121
v -0.113388 0.278767 0.38121
v -0.070125 0.240206 0.382151
v -0.11621 0.277827 0.382151
v -0.112448 0.199764 0.383091
v -0.108686 0.199764 0.383091
v -0.181105 0.656853 0.383091
v 0.200742 0.181894 0.384032
v -0.166998 0.65121 0.384032
v 0.201683 0.182835 0.384972
v 0.201683 0.196002 0.384972
v -0.087054 0.211991 0.384972
v -0.139723 0.257135 0.384972
v -0.182046 0.658734 0.385913
v 0.202624 0.176251 0.386853
v -0.166057 0.65215 0.386853
v 0.202706 0.197018 0.386884
v 0.203564 0.178132 0.387794
v 0.203564 0.198824 0.387794
v -0.180165 0.657793 0.387794
v -0.076708 0.24773 0.388734
v -0.167938 0.653091 0.388734
v -0.131258 0.306042 0.389675
v -0.131258 0.619232 0.389675
v -0.127496 0.21011 0.390615
v -0.137842 0.218574 0.390615
v -0.076708 0.244909 0.390615
v -0.130318 0.304161 0.390615
v -0.130318 0.621113 0.390615
v -0.13502 0.216693 0.391556
v -0.11621 0.304161 0.391556
v -0.114329 0.306042 0.391556
v -0.114329 0.619232 0.391556
v -0.11621 0.621113 0.391556
v -0.125615 0.21105 0.392496
v -0.13408 0.218574 0.392496
v -0.136901 0.220455 0.392496
v -0.130318 0.306042 0.392496
v -0.130318 0.619232 0.392496
v -0.044731 0.132988 0.393437
v -0.043791 0.132988 0.393437
v -0.043791 0.135809 0.393437
v -0.041909 0.135809 0.393437
v -0.040028 0.131107 0.394377
v -0.094578 0.217634 0.394377
v -0.085173 0.255254 0.394377
v -0.095519 0.263719 0.394377
v -0.099281 0.267481 0.394377
v -0.11715 0.306042 0.394377
v -0.11715 0.619232 0.394377
v -0.086114 0.253373 0.396258
v -0.101162 0.2656 0.396258
v -0.096459 0.261838 0.397199
v -0.043791 0.132988 0.398139
v -0.105864 0.22798 0.400961
v -0.122793 0.243028 0.400961
v -0.043791 0.180013 0.401902
v -0.118091 0.239266 0.401902
v -0.093638 0.913612 0.403783
v -0.091757 0.914553 0.403783
v -0.160414 0.334257 0.404723
v -0.149128 0.334257 0.404723
v -0.163235 0.336138 0.404723
v -0.147247 0.336138 0.404723
v -0.163235 0.619232 0.404723
v -0.147247 0.619232 0.404723
v -0.160414 0.621113 0.404723
v -0.149128 0.621113 0.404723
v -0.078589 0.905148 0.405664
v -0.07953 0.907969 0.405664
v -0.092697 0.912672 0.405664
v -0.043791 0.176251 0.406604
v -0.160414 0.336138 0.406604
v -0.160414 0.619232 0.406604
v -0.149128 0.336138 0.407545
v -0.149128 0.619232 0.407545
v -0.08047 0.906088 0.407545
v -0.043791 0.181894 0.413188
v -0.043791 0.182835 0.414128
v -0.043791 0.196002 0.414128
v -0.043791 0.176251 0.41695
v -0.043791 0.199764 0.41695
v -0.043791 0.178132 0.418831
v -0.043791 0.198824 0.418831
v -0.19051 0.180013 0.423533
v -0.192391 0.176251 0.426355
v -0.199915 0.181894 0.432938
v -0.200856 0.182835 0.433879
v -0.200856 0.196002 0.433879
v -0.202737 0.199764 0.43576
v -0.202737 0.176251 0.4367
v -0.204618 0.178132 0.437641
v -0.204618 0.198824 0.437641
f 1279 1245 1253 1288
f 2141 2129 1961 1990
f 2893 2894 2833 2832
f 3540 3536 3537 3541
f 3005 3045 3098 3070
f 859 1005 1039 868
f 253 252 254 255
f 342 370 336 294
f 1368 1430 1523 1494
f 567 568 553 552
f 181 182 213 212
f 2620 2674 2481 2422
f 756 727 728 757
f 3079 3113 3112 3092
f 1107 1108 1146 1165
f 3258 3265 3269 3261
f 509 432 458 560
f 2251 529 546 2252
f 4 1267 932 22
f 3321 3324 3318 3315
f 1268 1283 910 896
f 2432 2419 2634 2613
f 2802 2905 2906 2803
f 2644 2663 2505 2495
f 3538 3495 3498 3543
f 766 660 734 861
f 1770 1788 1893 1886
f 2452 2367 2368 2453
f 2023 2013 1558 1575
f 3357 3349 3351 3359
f 2401 2421 2422 2410
f 3238 3236 2291 2270
f 484 422 592 588
f 283 410 438 325
f 15 111 192 20
f 1330 1496 1503 1250
f 2533 2585 2638 2603
f 323 273 394 422
f 3192 3182 3179 3180
f 1256 1327 1305 1240
f 3372 3377 3378 3373
f 1062 1052 1100 1099
f 1507 1500 1449 1448
f 3411 3413 3412 3410
f 2027 2026 2028 2029
f 1971 1956 1913 1927
f 1619 1639 1647 1638
f 2293 2279 2343 2357
f 1351 1367 1493 1522
f 1544 1534 1696 1689
f 1098 1072 1149 1166
f 3469 3479 3574 3570
f 3490 417 666 3535
f 3029 2974 2976 3031
f 1285 1048 918 1235
f 74 92 77 14
f 722 749 648 637
f 359 361 608 606
f 325 438 487 424
f 1717 1718 1727 1726
f 2487 2404 2411 2496
f 19 20 47 43
f 730 693 674 692
f 1606 1585 1501 1463
f 1035 997 927 1001
f 3270 3282 3287 3273
f 3223 3210 3209 3221
f 1797 1798 1811 1810
f 3250 3267 3290 3251
f 760 642 558 703
f 954 880 813 858
f 3 21 30 8
f 750 751 799 800
f 3383 3401 3393 3368
f 2984 2948 2952 2987
f 998 926 1003 1037
f 678 647 668 695
f 2039 2038 2040 2041
f 1384 1422 1385 1350
f 1937 1928 1956 1971
f 1761 1738 1686 1740
f 1483 1475 1713 1699
f 3120 3104 3169 3171
f 123 145 98 91
f 893 766 861 1015
f 2815 2817 2739 2720
f 2347 2348 2361 2354
f 3255 3278 3284 3268
f 1846 1974 1908 1825
f 540 538 516 555
f 1419 1407 1420 1450
f 1117 1243 1160 1082
f 337 307 344 371
f 827 856 515 542
f 2045 2057 2058 2043
f 2624 2703 2507 2483
f 2084 2082 2038 2042
f 1085 1062 1099 1109
f 3371 3365 3293 3289
f 2385 2369 2349 2355
f 2623 2676 2624 2578
f 186 179 359 357
f 232 210 278 303
f 3036 2931 2932 3037
f 1773 1791 1935 1925
f 1124 1125 1428 1427
f 1822 1843 1511 1583
f 399 412 447 442
f 1785 1761 1740 1763
f 2634 2419 2348 2329
f 2086 2085 2109 2110
f 1875 1838 1812 1829
f 1354 1553 1466 1324
f 366 356 185 198
f 1992 1993 2166 2173
f 115 95 138 159
f 2943 2926 2975 2973
f 295 296 735 722
f 3568 3573 2568 2566
f 3606 3619 3617 3605
f 1552 1564 1541 1532
f 25 23 5 7
f 1879 1864 103 127
f 2475 2476 71 70
f 1626 1560 1441 1456
f 1691 1692 1444 1528
f 557 519 507 543
f 2682 2637 2639 2683
f 3299 3310 3311 3300
f 2216 2215 2138 2140
f 1934 1954 1924 1909
f 2559 2653 2654 2560
f 3305 3303 3304 3306
f 2063 2056 2515 2514
f 1792 1774 1928 1937
f 2231 2217 2238 2257
f 1136 1256 1240 1130
f 3080 3117 3127 3098
f 2257 2238 2264 2277
f 694 789 733 682
f 822 795 888 945
f 200 221 162 143
f 3024 2922 2908 2963
f 2658 2671 2597 2565
f 1430 1562 1607 1523
f 7 5 2766 2765
f 326 439 411 284
f 743 641 758 829
f 3506 3584 3496 3451
f 856 891 699 515
f 158 137 95 115
f 2632 2706 2726 2679
f 2153 2147 2148 2156
f 1438 1386 1320 1365
f 2219 2222 2272 2271
f 863 1142 871 528
f 3073 3018 3137 3153
f 249 250 226 223
f 1329 1342 1401 1411
f 728 690 700 741
f 483 421 322 435
f 2429 2441 2430 2418
f 3214 3196 3198 3216
f 1996 1998 2005 2003
f 1436 1435 1459 1460
f 2364 2358 2306 2324
f 1739 1748 1762 1763
f 1508 1531 1788 1770
f 866 811 1083 1161
f 2008 2010 2011 2009
f 1959 1966 1996 1994
f 82 152 157 84
f 1827 1795 1815 1836
f 864 855 986 987
f 2234 2242 129 105
f 3043 3025 3079 3092
f 2828 2879 2880 2830
f 3147 3149 3049 3041
f 2496 2503 2498 2487
f 282 327 426 398
f 1746 1737 1855 1862
f 353 365 406 390
f 3459 3500 3588 3516
f 733 767 676 662
f 1624 1625 1859 1858
f 3606 3605 2983 3054
f 2622 2537 2447 2482
f 2033 2025 2051 2055
f 2373 2374 2449 2480
f 906 1057 993 857
f 2766 2767 3633 3632
f 1942 1959 1994 1980
f 485 511 2375 2366
f 182 190 225 213
f 2575 2536 2537 2622
f 3284 3278 3280 3286
f 590 594 816 791
f 2552 2579 2625 2607
f 1528 1444 1469 1602
f 3391 3379 3389 3397
f 1209 1278 1316 1286
f 1559 1493 1426 1560
f 3083 3032 3033 3085
f 2416 2486 2495 2420
f 2757 2746 2672 2701
f 2952 2942 2954 2987
f 260 249 223 240
f 3482 3484 3545 3547
f 3194 3196 3214 3212
f 2575 2622 2675 2621
f 2731 2831 2832 2732
f 70 71 24 23
f 3545 3484 3471 3503
f 2939 3004 3005 2940
f 330 332 384 383
f 2659 2616 2567 2597
f 11 10 36 33
f 2655 2696 2697 2656
f 2996 3038 3039 2997
f 3303 3284 3286 3304
f 2281 2289 2377 2375
f 429 430 387 373
f 682 733 662 661
f 2663 2809 2810 2748
f 1786 1800 1708 1687
f 564 631 490 461
f 789 852 767 733
f 842 1829 1536 1509
f 3157 3143 3158 3166
f 2019 2043 2044 2020
f 2810 2873 2874 2812
f 3056 3096 3101 3057
f 2551 2577 2444 2450
f 212 337 351 224
f 1279 1288 1395 1372
f 436 323 422 484
f 2606 2623 2578 2550
f 401 463 493 449
f 3258 3220 3221 3259
f 2649 2606 2550 2588
f 2240 2259 2266 2247
f 961 842 1016 1017
f 385 444 699 290
f 1980 1994 2001 1999
f 3519 3516 3588 3598
f 2424 2392 2410 2436
f 3199 3217 3218 3200
f 189 176 173 181
f 1257 1217 1549 1476
f 3369 3372 3373 3370
f 897 940 601 599
f 1766 1777 1872 1863
f 1646 1672 1597 1586
f 3488 3493 3494 3489
f 3572 3567 2557 2555
f 414 494 465 384
f 2908 2845 2846 2909
f 1378 1377 1343 1344
f 1628 1660 1629 1598
f 1337 1262 1187 1244
f 101 114 229 218
f 5 6 2767 2766
f 3136 3138 2994 2980
f 254 292 302 255
f 649 565 684 736
f 1447 1448 1417 1415
f 3532 3629 3507 3491
f 267 238 218 239
f 620 624 713 795
f 1341 1340 1264 1291
f 2441 2489 2491 2443
f 3433 3452 3453 3428
f 1887 1897 1929 1921
f 2384 2376 2310 2309
f 611 615 395 313
f 2632 2582 2316 2399
f 1716 1746 1642 1621
f 826 855 864 833
f 3137 3155 3165 3153
f 3247 3242 3207 3208
f 1485 1486 1619 1638
f 3477 3544 3569 3479
f 2456 152 130 2461
f 2752 2691 2590 2667
f 3468 374 364 3489
f 666 667 3536 3535
f 642 522 457 558
f 2609 2630 2705 2685
f 1340 1339 1263 1264
f 1005 1120 1136 1039
f 2528 2529 2297 2296
f 2158 2196 2449 2032
f 857 802 691 743
f 1678 1721 1720 1677
f 1640 1587 1566 1610
f 874 814 765 838
f 553 534 504 536
f 2576 2547 2277 2292
f 2761 2763 1 3
f 3635 3636 2763 2761
f 1877 1655 1476 1549
f 2818 2875 2876 2820
f 1057 1162 1129 993
f 763 741 788 811
f 124 146 277 259
f 2982 3000 2888 2887
f 150 133 208 290
f 3625 3627 3636 3635
f 2005 2004 1985 1989
f 181 173 174 182
f 2089 2095 2068 2059
f 3483 3534 3557 3485
f 2579 2552 2129 2141
f 2710 2640 2642 2711
f 2060 2051 2052 2061
f 405 390 451 459
f 45 48 206 207
f 3193 3185 3186 3194
f 1367 1270 1426 1493
f 39 45 44 36
f 1044 924 844 870
f 1333 1369 1300 1275
f 1469 1414 1416 1470
f 2434 2136 2055 2510
f 1028 967 968 1029
f 1545 1489 1468 1529
f 2885 2886 2817 2815
f 653 740 577 494
f 1474 1751 1399 1230
f 2821 2907 2935 2877
f 2122 2130 1963 1952
f 920 836 760 867
f 2465 2467 3508 3501
f 3222 3261 3262 3223
f 3238 3246 3263 3241
f 94 87 2467 2465
f 1862 1863 1874 1873
f 3155 3139 3141 3157
f 272 160 116 231
f 2843 2902 2920 2854
f 3151 3164 3089 3065
f 754 846 740 653
f 702 692 658 644
f 20 12 9 15
f 3047 3082 3061 3010
f 1857 1925 1955 1890
f 1327 1396 1384 1305
f 1225 1289 1327 1256
f 3363 3364 3403 3392
f 2700 2756 2757 2701
f 3505 3473 3487 3546
f 2097 2074 2076 2099
f 2759 3538 3543 2758
f 1777 1767 1652 1664
f 2461 2463 3427 3430
f 3070 3099 3006 2986
f 1831 1736 1760 1854
f 2599 2571 2534 2569
f 2285 2286 2298 2295
f 3084 3107 3108 3086
f 587 591 421 483
f 2614 2655 2656 2615
f 226 243 214 195
f 1605 1583 1386 1438
f 1234 1273 1353 1321
f 2383 2116 2117 2384
f 2776 2770 2856 2855
f 2595 2543 2544 2596
f 2742 2668 2693 2753
f 1848 1860 1882 1869
f 1554 1706 1643 1526
f 197 168 139 160
f 1178 1179 1011 1009
f 716 749 752 717
f 1596 1616 1462 1400
f 2165 2172 2608 2626
f 691 657 547 569
f 3382 3387 3386 3380
f 2798 2799 2870 2869
f 2434 2425 2127 2136
f 747 868 860 748
f 3183 3195 3197 3184
f 3071 3102 3046 3008
f 1924 1973 1843 1822
f 3364 3363 3296 3295
f 3176 3175 3016 3034
f 1294 1249 1456 1441
f 1364 1227 1319 1423
f 2197 2199 2163 2159
f 3211 3193 3194 3212
f 1588 1553 1704 1663
f 1433 1401 1323 1357
f 1271 1388 1389 1272
f 576 516 654 652
f 334 339 388 386
f 1137 1248 1167 1086
f 880 838 764 813
f 308 288 246 263
f 2961 2962 3106 3105
f 716 717 974 973
f 1749 1741 1711 1710
f 2243 2369 1278 1209
f 3404 3465 3350 3340
f 1901 1871 1885 1920
f 520 656 655 518
f 741 700 742 788
f 1775 1742 1715 1815
f 413 381 449 452
f 866 1161 1200 879
f 1301 1277 1221 1276
f 1516 1544 1689 1683
f 1987 1946 1896 1919
f 3509 3552 2474 2473
f 3093 3111 3114 3097
f 3313 3308 3432 3437
f 3058 3060 3612 3610
f 262 286 244 235
f 322 272 231 269
f 863 911 1216 1142
f 2532 2567 2585 2533
f 498 571 580 524
f 898 941 1019 1018
f 1615 1606 1463 1443
f 134 266 563 364
f 837 703 681 830
f 3474 3525 3527 3475
f 2680 2729 2707 2634
f 2282 2268 2295 2316
f 169 202 164 145
f 2735 2837 2838 2736
f 15 13 35 38
f 392 355 597 594
f 1917 1922 1970 1966
f 3186 3187 3196 3194
f 1979 1975 1953 1947
f 213 315 337 212
f 2870 2799 2800 2871
f 2845 2908 2922 2860
f 2851 2852 2931 2919
f 2921 2946 3076 3022
f 3161 3167 3162 3150
f 706 772 842 773
f 1964 1958 1965 1968
f 1515 1682 1688 1580
f 149 104 106 151
f 1976 1984 1936 1930
f 3315 3318 3292 3290
f 458 405 459 523
f 2393 2402 2403 2395
f 3034 3016 3017 3035
f 607 609 368 360
f 242 304 305 225
f 860 1014 956 851
f 3044 3027 3028 3045
f 608 610 943 1012
f 2406 2398 2400 2408
f 1816 1817 1785 1784
f 1035 1070 1096 1069
f 2205 1949 1916 2183
f 3090 3121 3109 3066
f 124 146 201 188
f 3134 3135 3124 3122
f 2223 2219 2271 2278
f 2158 2112 2114 2160
f 683 716 972 971
f 1565 1599 1649 1630
f 3153 3165 3167 3161
f 3252 3245 3116 3115
f 1526 1643 1571 1518
f 2504 2497 2494 2500
f 2503 2499 2501 2504
f 3177 3191 3192 3178
f 2025 2024 2026 2027
f 2734 2714 2798 2797
f 1143 1315 1243 1117
f 2992 3034 3035 2993
f 2950 2969 2970 2951
f 2144 2151 2176 2168
f 518 655 654 516
f 459 451 526 550
f 882 910 819 778
f 3106 2962 2947 3077
f 2519 2556 2130 2122
f 65 63 299 298
f 1940 1905 1906 1941
f 2077 2085 2086 2078
f 2173 2166 2630 2609
f 558 457 432 509
f 3351 3345 3346 3352
f 3538 3532 3491 3495
f 2876 2934 3048 2904
f 1814 1809 1701 1616
f 2499 2412 2413 2501
f 3258 3261 3222 3220
f 2431 2435 2203 2202
f 3426 3431 2468 2466
f 2657 2731 2732 2658
f 850 705 766 893
f 1860 1878 1883 1882
f 3383 3388 3405 3401
f 1856 1909 1819 1802
f 2420 2437 2421 2401
f 721 831 789 694
f 752 737 912 903
f 3489 3494 3541 3542
f 1280 1254 1238 1255
f 1282 1006 1075 1410
f 2125 2133 2134 2126
f 601 603 256 274
f 1994 1996 2003 2001
f 947 890 949 1047
f 1532 1541 1600 1566
f 120 110 248 257
f 102 184 167 81
f 2674 2717 2545 2481
f 890 783 808 949
f 1172 1139 1424 1440
f 3381 3374 3376 3385
f 2887 2823 2824 2878
f 530 564 461 427
f 3310 3325 3327 3311
f 2668 2592 2652 2693
f 1706 1724 1644 1643
f 2696 2754 2755 2697
f 604 606 1010 1008
f 1232 1044 870 1154
f 764 730 692 702
f 1270 1215 1140 1241
f 1979 1978 1972 1975
f 2702 2622 2482 2506
f 1086 1167 1074 958
f 3333 3334 3326 3324
f 3311 3327 3328 3312
f 182 174 177 190
f 3006 3099 3100 3007
f 3442 3451 3496 3492
f 1036 1037 1098 1097
f 1148 1166 1246 1239
f 2976 3009 3072 3031
f 3181 3172 3173 3182
f 2782 2783 2864 2863
f 2904 2905 2802 2819
f 3576 2591 2772 3530
f 1734 1834 1868 1755
f 1997 1995 2002 2004
f 2736 2747 2673 2643
f 2095 3302 2253 2195
f 2684 2608 2609 2685
f 394 312 600 596
f 1380 1334 1335 1402
f 2665 2739 2750 2689
f 2569 2534 2570 2598
f 2142 2130 2556 2581
f 1685 1739 1763 1740
f 1568 1542 1467 1488
f 2491 2454 2433 2443
f 2044 2048 2035 2020
f 790 815 593 589
f 1490 1285 1235 1418
f 833 864 872 834
f 1510 1483 1699 1614
f 3622 3623 3554 3552
f 3283 3369 3370 3285
f 3066 3129 3144 3048
f 2445 2452 2490 2451
f 1742 1628 1597 1672
f 3602 3599 3595 3597
f 3558 3603 3517 3456
f 2185 2118 2083 2184
f 2823 2825 2727 2742
f 69 74 2760 2759
f 2302 2284 2317 2328
f 3072 3083 3107 3082
f 517 495 508 544
f 1652 1632 1515 1533
f 3077 3024 3078 3124
f 824 797 890 947
f 454 520 518 453
f 3097 3069 2985 3003
f 301 319 339 334
f 1381 1392 1415 1403
f 2938 2924 2949 2968
f 3260 3277 2162 2188
f 3 1 17 21
f 942 900 611 609
f 3495 3414 3420 3498
f 346 331 382 401
f 1661 1648 1578 1589
f 3581 3580 3602 3600
f 696 724 798 761
f 76 100 78 53
f 2879 2939 2940 2880
f 28 29 31 32
f 1721 1722 1731 1730
f 276 313 162 143
f 2983 2984 3055 3054
f 2626 2704 2722 2677
f 2759 2760 3532 3538
f 3464 3477 3479 3466
f 1850 1852 1751 1750
f 3557 3600 3596 3548
f 1249 1257 1476 1456
f 2462 2463 136 166
f 954 1059 1145 1084
f 1571 1573 1507 1506
f 152 82 67 130
f 2637 2616 2617 2639
f 1067 951 925 1054
f 2714 2710 2799 2798
f 3329 3331 3228 3226
f 996 1000 928 927
f 2970 2911 2925 2951
f 3171 3169 3175 3179
f 3409 3403 3364 3365
f 1593 1458 1359 1489
f 1172 1018 1019 1139
f 1933 1947 1953 1939
f 106 129 156 151
f 3017 2958 3018 3073
f 2159 2163 2119 2113
f 1228 1214 1168 1226
f 526 525 663 664
f 3132 2918 2914 3120
f 3542 563 266 3613
f 1478 1609 1525 1377
f 1015 861 957 1110
f 967 966 976 975
f 1262 1144 1095 1187
f 2098 2102 2090 2075
f 1088 1113 1114 1091
f 1226 1168 1169 1227
f 480 524 572 562
f 2584 2636 2681 2635
f 3480 3443 3445 3482
f 2218 2323 2315 2221
f 3092 3112 3111 3068
f 1879 127 155 1902
f 2543 2523 2524 2544
f 838 765 730 764
f 2188 2193 3257 3260
f 2789 2718 2702 2774
f 3046 3029 3031 3047
f 1911 1926 1894 1851
f 2506 2482 2231 2257
f 1440 1424 1791 1773
f 352 328 413 448
f 2671 2745 2756 2700
f 3205 3209 3210 3208
f 3165 3155 3157 3166
f 1904 1968 1876 1849
f 1068 1080 1081 1056
f 3261 3269 3272 3262
f 798 825 855 826
f 3600 3602 3597 3596
f 196 214 294 242
f 188 201 369 361
f 2614 2633 2583 2561
f 2703 2775 2551 2507
f 657 643 548 547
f 167 153 79 81
f 1432 1250 1090 1296
f 641 522 642 719
f 785 865 846 754
f 362 614 617 397
f 1586 1597 1564 1552
f 1424 1425 1804 1791
f 3287 3277 3264 3273
f 1034 1049 995 996
f 2046 2017 2018 2047
f 493 538 513 492
f 1791 1804 1943 1935
f 2943 2926 2956 2955
f 2942 2866 2867 2943
f 1913 1956 1870 1826
f 258 276 143 121
f 2645 2604 2421 2437
f 2041 2040 2036 2037
f 365 418 446 406
f 3064 3088 3161 3150
f 749 735 737 752
f 2114 2120 2164 2160
f 376 367 602 600
f 2444 2357 2360 2445
f 2073 2096 2098 2075
f 3365 3371 3432 3409
f 2425 2438 2439 2426
f 1915 1905 1940 1948
f 512 529 2251 2281
f 1546 1547 1770 1753
f 3461 3417 3419 3463
f 175 147 2459 2458
f 2910 2847 2848 2911
f 2180 2124 2144 2168
f 2756 2834 2835 2757
f 556 542 544 557
f 891 856 845 916
f 3595 3590 3591 3597
f 2905 3040 3041 2906
f 1053 1137 1086 929
f 613 618 824 901
f 1993 1979 1947 1963
f 329 288 217 335
f 2172 2173 2609 2608
f 2367 2353 2354 2368
f 640 574 551 568
f 1570 1590 1545 1529
f 3096 3056 3245 3244
f 948 807 780 887
f 3558 3564 3615 3603
f 1322 1431 1388 1271
f 2413 2414 2497 2501
f 1103 1088 966 1027
f 718 902 979 977
f 2300 2306 2143 2139
f 1720 1721 1730 1729
f 799 826 833 800
f 2124 2143 2151 2144
f 1519 1505 1482 1487
f 538 493 463 516
f 84 92 74 69
f 1826 1794 1606 1615
f 185 178 107 117
f 2037 2124 2180 2067
f 2738 2664 2687 2749
f 3548 3546 3487 3486
f 2622 2702 2718 2675
f 3082 3107 3084 3061
f 3637 3634 2769 2768
f 2540 2624 2483 2448
f 2849 2796 2797 2850
f 912 737 738 913
f 697 680 574 640
f 1494 1523 1659 1656
f 2357 2343 2345 2360
f 2799 2710 2711 2800
f 2363 2364 2324 2326
f 2312 2303 2304 2314
f 420 392 594 590
f 1485 1638 1783 1617
f 3516 3427 3415 3459
f 367 357 604 602
f 2853 2854 2920 2932
f 3021 2960 3022 3075
f 1319 1292 1475 1483
f 2235 2152 2154 2236
f 610 613 901 943
f 786 787 810 809
f 1906 1916 1949 1941
f 2580 2591 3576 3575
f 2827 2890 2879 2828
f 865 991 952 846
f 2716 2737 2900 2914
f 2763 3636 3637 2768
f 2379 2331 2335 2381
f 565 501 638 684
f 380 352 448 475
f 342 285 308 343
f 2558 2582 2631 2611
f 2572 2600 2662 2642
f 1820 1818 1653 1697
f 2836 2837 2735 2746
f 505 541 543 506
f 1618 1586 1552 1587
f 2649 2689 2690 2650
f 2215 2300 2139 2138
f 2861 2862 2937 2923
f 472 844 924 668
f 3163 3151 3142 3156
f 2057 2087 2088 2058
f 2031 2034 2056 2054
f 166 148 2464 2462
f 3629 3631 3622 3601
f 3422 3411 3410 3421
f 3185 3144 3129 3186
f 2190 2185 2180 2191
f 91 98 146 124
f 3248 3253 3254 3249
f 176 180 183 177
f 1563 1550 1743 1758
f 3446 3483 3485 3448
f 426 489 626 622
f 752 903 902 718
f 3609 3611 3103 3118
f 1360 1337 1372 1407
f 1938 1920 1892 1908
f 1506 1507 1448 1447
f 1215 1232 1154 1140
f 391 311 158 270
f 2523 2564 2566 2524
f 3038 3019 3021 3039
f 3178 3192 3180 3174
f 2717 2674 2675 2718
f 540 555 206 205
f 379 351 399 442
f 2538 2542 2440 2439
f 1984 1977 1932 1936
f 1553 1354 1621 1704
f 761 798 826 799
f 2670 2594 2656 2697
f 1489 1359 1336 1468
f 543 507 479 506
f 3152 3133 2979 2991
f 1881 1934 1909 1856
f 554 575 687 671
f 3605 3607 3224 3219
f 2784 2785 2866 2865
f 2841 2899 3104 2900
f 72 52 75 93
f 1802 1819 1605 1698
f 804 803 677 678
f 1537 1522 1635 1669
f 900 821 615 612
f 968 972 973 969
f 317 372 373 318
f 1196 1197 1387 1376
f 1746 1752 1651 1642
f 813 764 702 729
f 240 211 293 341
f 2113 2119 2102 2098
f 1132 1115 1032 1013
f 2292 2264 2265 2293
f 1712 1700 1667 1623
f 10 16 39 36
f 2883 2884 2813 2811
f 2479 2372 2373 2480
f 536 504 492 513
f 1939 2233 2234 1880
f 1905 1910 1912 1906
f 241 379 441 293
f 1346 1314 1297 1325
f 2694 2612 2613 2695
f 757 728 741 763
f 1276 1221 1160 1243
f 20 204 205 47
f 529 512 521 546
f 3185 3183 3145 3144
f 3201 3204 3206 3202
f 2146 2150 2110 2109
f 3399 3390 3422 3428
f 1077 1126 1218 1219
f 3138 3154 3156 3140
f 3596 3592 3546 3548
f 894 1053 929 852
f 2366 2382 2352 2344
f 2758 3543 3630 2762
f 3484 3447 3453 3471
f 1417 1406 1393 1404
f 1460 1459 1437 1452
f 1369 1499 1446 1300
f 687 785 754 671
f 1422 1452 1398 1385
f 1573 1574 1500 1507
f 2191 2180 2168 2176
f 3149 3189 3190 3130
f 1760 1736 1684 1738
f 1788 1858 1958 1893
f 138 118 141 168
f 2221 2315 2300 2215
f 113 101 218 238
f 560 458 523 660
f 1014 1130 1101 956
f 2004 2002 1986 1985
f 1095 1107 1165 1187
f 172 147 77 92
f 867 760 703 837
f 1406 1394 1370 1393
f 3491 3507 3425 3406
f 42 265 111 27
f 1159 1387 1443 1295
f 3267 3250 3125 3111
f 103 1864 1880 105
f 477 444 445 478
f 1780 1877 1549 1561
f 122 144 169 142
f 2055 2060 2511 2510
f 502 475 503 533
f 1925 1935 1969 1955
f 3400 3398 3449 3450
f 2746 2735 2641 2672
f 806 934 885 776
f 1780 1824 1891 1877
f 2143 2191 2176 2151
f 545 673 656 520
f 2174 2175 2080 2079
f 1702 1747 1703 1649
f 26 27 50 49
f 569 547 456 468
f 2841 2788 2789 2842
f 510 528 472 471
f 2047 2050 2101 2094
f 2613 2634 2707 2695
f 2932 2920 3020 3037
f 996 995 998 1000
f 1683 1089 1250 1503
f 3109 3121 3123 3110
f 1418 1235 1200 1394
f 2873 2929 2930 2874
f 42 37 60 65
f 2589 2552 2607 2650
f 698 739 505 464
f 51 57 59 58
f 1815 1715 1735 1832
f 348 340 2369 2377
f 3466 3469 3388 3386
f 2666 2589 2650 2690
f 2582 2632 2679 2631
f 464 505 506 466
f 1180 1181 942 1011
f 2960 2903 2921 3022
f 1845 1670 1656 1808
f 2468 2469 99 153
f 736 684 696 761
f 219 198 137 158
f 3088 3073 3153 3161
f 3196 3187 3188 3198
f 609 612 313 276
f 369 378 613 610
f 1627 1637 1554 1543
f 3360 3355 3356 3362
f 314 398 618 613
f 936 1151 897 815
f 1677 1720 1719 1676
f 1074 1111 959 877
f 3542 3537 582 563
f 1859 1669 1655 1899
f 3534 3581 3600 3557
f 1455 1594 1595 1439
f 2115 2167 2030 2028
f 2744 2731 2657 2670
f 130 136 2463 2461
f 1966 1970 1998 1996
f 1367 1351 1215 1270
f 2637 2682 2638 2585
f 12 10 11 9
f 3086 3063 2978 3013
f 3293 3295 3316 3314
f 2743 2827 2828 2754
f 639 640 568 567
f 2750 2818 2820 2751
f 1396 1451 1422 1384
f 1713 1773 1925 1857
f 2316 2295 2283 2307
f 2418 2430 2612 2632
f 2364 2365 2359 2358
f 1796 1816 1784 1769
f 2738 2719 2647 2664
f 142 169 145 123
f 1758 1855 1737 1563
f 2000 1987 1919 1938
f 1480 1479 1378 1379
f 2554 2590 2556 2519
f 374 349 135 154
f 3377 3438 3440 3378
f 1454 922 1112 1508
f 1753 1770 1886 1865
f 2822 2752 2667 2741
f 1847 1745 1827 1835
f 1289 1361 1396 1327
f 468 456 403 415
f 2507 2551 2450 2427
f 2419 2433 2361 2348
f 3345 2479 2480 3346
f 299 290 699 725
f 1426 1270 1241 1294
f 2510 2516 2438 2434
f 1540 1539 1464 1465
f 1775 1660 1628 1742
f 2339 2317 2318 2340
f 2696 2655 2593 2669
f 3564 3566 3621 3615
f 434 321 420 482
f 88 85 108 118
f 2633 2614 2615 2635
f 1334 1325 1297 1335
f 3197 3199 3189 3184
f 2742 2727 2653 2668
f 2096 2111 2113 2098
f 2964 2909 2923 3026
f 1123 1124 1427 1425
f 2628 2667 2590 2554
f 949 808 782 889
f 110 124 259 248
f 1047 949 889 946
f 289 317 318 291
f 2891 2829 2830 2880
f 1656 1659 1793 1808
f 3170 3176 3034 2992
f 1553 1567 1487 1466
f 2865 2866 2942 2925
f 1488 1467 1380 1402
f 2380 2350 2321 2334
f 1168 1121 1076 1169
f 2829 2831 2731 2744
f 3303 3305 3282 3270
f 3415 3427 2463 2462
f 1126 1159 1295 1218
f 779 863 528 510
f 3027 3116 3117 3028
f 2754 2828 2830 2755
f 3107 3083 3085 3108
f 739 698 688 726
f 457 415 363 432
f 1288 1253 1254 1280
f 327 440 489 426
f 2803 2821 2741 2724
f 1589 1578 1497 1520
f 2427 2450 2451 2429
f 3150 3162 3154 3136
f 2391 2388 2389 2392
f 1657 1658 1477 1484
f 1601 1650 1579 1519
f 139 119 89 96
f 671 754 653 514
f 1135 1150 1213 1202
f 2284 2283 2287 2288
f 1313 1296 1207 1220
f 3208 3206 3204 3205
f 107 121 90 85
f 3076 2946 2961 3105
f 2910 2911 2970 2969
f 669 649 736 751
f 3133 3170 2992 2929
f 2589 2553 2518 2552
f 1895 1927 1913 1853
f 2404 2398 2406 2411
f 632 650 670 639
f 1245 1211 1223 1253
f 1869 1768 1745 1847
f 2793 2726 2706 2780
f 3401 3446 3448 3393
f 143 162 125 97
f 823 796 621 617
f 800 833 834 784
f 3193 3195 3183 3185
f 839 731 720 814
f 601 603 356 366
f 544 508 519 557
f 3552 3554 2475 2474
f 1498 1506 1447 1413
f 2474 2475 70 73
f 3274 3243 3244 3291
f 643 644 559 548
f 2610 2629 2630 2581
f 765 704 693 730
f 1 2763 2768 2
f 268 230 271 321
f 2051 2025 2027 2052
f 737 297 298 738
f 1968 1988 1944 1888
f 2070 2081 2091 2076
f 2931 2852 2853 2932
f 210 209 216 217
f 1082 1160 1083 992
f 2237 2246 2374 2373
f 2989 3071 3008 2944
f 1078 1089 1683 1680
f 1574 1556 1490 1500
f 2977 3011 2896 2895
f 423 486 437 324
f 416 450 418 365
f 3384 3381 3413 3411
f 2439 2517 2688 2538
f 683 685 650 648
f 300 253 255 301
f 2040 2077 2078 2036
f 3108 3087 3063 3086
f 2903 2844 2855 2921
f 3036 3037 3141 3139
f 528 871 844 472
f 2382 2375 2377 2385
f 1485 1478 1479 1486
f 1833 1887 1921 1867
f 3406 3425 2459 2457
f 1050 1001 1002 1051
f 2899 2957 3169 3104
f 3324 3326 3319 3318
f 2894 2989 2944 2881
f 3385 3400 3429 3424
f 1435 1419 1450 1459
f 2308 2383 2384 2309
f 2245 2276 2135 2134
f 1353 1457 1524 1484
f 3289 3293 3314 3308
f 3368 3393 3398 3376
f 2878 2936 2982 2887
f 3249 3246 2230 2229
f 533 551 574 566
f 2933 2996 2997 2934
f 2573 2601 2574 2535
f 2895 2896 2837 2836
f 417 389 634 666
f 2896 3011 3013 2897
f 1988 1990 1961 1944
f 3039 3021 3075 3090
f 3274 3267 3111 3112
f 1145 1236 1302 1237
f 664 663 768 769
f 3240 3257 2193 2208
f 3362 3356 3347 3354
f 1046 948 887 944
f 889 782 714 796
f 2094 2101 2161 2155
f 2360 2367 2452 2445
f 1850 1876 1888 1852
f 1675 1718 1717 1674
f 3388 3469 3444 3405
f 354 364 563 573
f 3463 3555 3624 3476
f 285 342 294 243
f 1027 1028 1676 1675
f 2149 2145 2024 2033
f 179 188 361 359
f 3227 3229 3332 3330
f 900 821 615 611
f 2678 2725 2779 2705
f 1027 966 967 1028
f 1662 1703 1748 1739
f 164 281 234 126
f 1908 1892 1814 1825
f 2195 2253 2255 2197
f 3621 3614 3604 3615
f 3556 3480 3482 3547
f 638 532 566 651
f 2676 2721 2703 2624
f 1328 1366 1537 1625
f 2295 2268 2269 2285
f 2856 2770 2777 2857
f 116 96 140 161
f 125 233 280 163
f 2957 2899 2901 2958
f 605 607 360 358
f 2725 2792 2860 2779
f 1541 1565 1630 1600
f 1521 1557 1634 1576
f 3569 3579 3580 3574
f 1742 1672 1608 1715
f 293 441 473 341
f 2701 2672 2599 2661
f 810 848 873 847
f 1002 928 1004 1038
f 1899 1907 1978 1983
f 2317 2284 2288 2318
f 2711 2715 2801 2800
f 63 59 290 299
f 140 120 257 275
f 1647 1639 1648 1661
f 594 597 853 816
f 74 14 2764 2760
f 3582 3593 3594 3583
f 1810 1811 1725 1724
f 44 45 207 208
f 619 623 486 423
f 3601 3622 3552 3509
f 3500 3435 3501 3588
f 679 669 751 750
f 1392 1413 1447 1415
f 3105 3106 3135 3134
f 240 223 193 211
f 3173 3132 3120 3171
f 3565 3545 3503 3511
f 644 658 578 559
f 2160 2164 2201 2198
f 66 82 84 69
f 2269 2241 1953 1975
f 3325 3336 3337 3327
f 1033 920 867 955
f 2398 2405 2407 2400
f 1170 1230 1399 1352
f 614 854 823 617
f 2531 2530 2532 2533
f 2732 2745 2671 2658
f 2110 2179 2140 2086
f 531 565 649 629
f 261 191 192 265
f 2752 2822 2824 2753
f 1079 1105 1080 1068
f 3502 3510 3511 3503
f 137 117 88 95
f 547 548 469 456
f 1963 1947 1933 1952
f 2489 2490 2492 2491
f 1730 1694 1693 1729
f 762 739 726 755
f 589 593 391 419
f 1923 1918 1967 1970
f 3271 3263 3246 3256
f 2619 2807 2808 2644
f 235 228 236 245
f 1550 1540 1744 1743
f 1242 1208 1092 1127
f 2027 2029 2007 2006
f 2505 2663 2748 2686
f 960 1265 1266 930
f 2981 3065 2996 2933
f 1613 1622 1590 1570
f 834 872 865 785
f 550 526 664 665
f 2043 2058 2059 2044
f 2685 2705 2779 2771
f 2626 2579 2141 2165
f 1616 1701 1584 1462
f 3236 3234 2333 2291
f 2689 2750 2751 2690
f 530 473 531 629
f 146 165 222 201
f 291 310 292 254
f 793 818 939 886
f 2683 2660 2714 2734
f 2995 2981 2886 2885
f 2451 2489 2441 2429
f 462 491 575 554
f 2009 2015 2032 2018
f 2332 2337 2181 2171
f 2805 2773 3531 3515
f 1407 1372 1395 1420
f 3473 3455 3450 3487
f 1362 1338 1290 1303
f 2213 2209 2210 2214
f 2627 2723 2724 2628
f 256 247 107 117
f 2604 2645 2646 2605
f 297 42 65 298
f 727 689 690 728
f 2053 2029 2031 2054
f 3452 3470 3471 3453
f 2591 2595 2773 2772
f 1252 1261 1116 1132
f 2980 2994 2884 2883
f 2402 2394 2396 2403
f 2877 2935 2936 2878
f 2038 2082 2077 2040
f 2610 2651 2652 2611
f 408 269 323 436
f 224 351 379 241
f 3566 3560 3613 3621
f 2618 2806 2807 2619
f 2074 2069 2070 2076
f 940 1007 603 601
f 2648 2665 2588 2549
f 3068 3093 3000 2982
f 2400 2409 2414 2408
f 1073 959 1111 1205
f 2218 2223 2325 2323
f 2512 2061 2062 2513
f 3616 3524 3559 3625
f 1468 1336 1315 1446
f 503 534 551 533
f 3128 3102 3071 3100
f 3000 3093 3097 3003
f 2453 2446 2454 2492
f 827 801 786 809
f 3472 3454 3455 3473
f 453 518 516 463
f 1070 1035 1001 1050
f 2062 2053 2054 2063
f 2411 2412 2499 2496
f 370 343 306 336
f 681 509 560 705
f 1852 1931 1779 1751
f 2629 2678 2705 2630
f 3035 3017 3073 3088
f 735 296 297 737
f 29 26 49 51
f 3168 3164 3151 3163
f 2466 2468 153 167
f 337 315 287 307
f 1831 1854 1860 1848
f 3081 3030 2974 3029
f 449 493 492 452
f 1030 1031 1679 1678
f 3346 3343 3348 3352
f 225 305 315 213
f 2847 2794 2795 2848
f 2691 2752 2753 2693
f 2733 2796 2787 2709
f 1835 1807 1823 1847
f 3354 3347 3339 3342
f 3015 3160 3152 2991
f 1569 1613 1570 1527
f 1820 1840 1841 1818
f 2786 2787 2868 2867
f 66 2758 2762 8
f 3011 3084 3086 3013
f 3580 3579 3599 3602
f 409 427 461 512
f 3102 3081 3029 3046
f 380 371 344 352
f 596 600 898 818
f 3142 3151 3065 2981
f 1241 1140 1249 1294
f 3341 3353 3354 3342
f 2721 2790 2775 2703
f 1823 1848 1869 1847
f 1631 1662 1739 1685
f 739 762 541 505
f 1727 1691 1690 1726
f 2947 2922 3024 3077
f 3514 2804 2805 3515
f 1531 1508 1112 1131
f 3436 3309 3313 3437
f 902 903 982 981
f 2080 2083 2118 2117
f 3164 3158 3074 3089
f 3594 3578 3573 3583
f 2923 2937 3050 3026
f 2108 2145 2146 2109
f 831 894 852 789
f 2858 2778 2771 2859
f 978 980 825 753
f 1759 1744 1611 1632
f 3212 3214 3229 3227
f 3434 3423 3424 3429
f 1328 1312 965 1044
f 2412 2406 2408 2413
f 1907 1914 1972 1978
f 1398 1397 1339 1340
f 2207 2230 2276 2245
f 2396 2387 2390 2403
f 21 17 61 64
f 1414 1403 1404 1416
f 2178 2183 1916 1912
f 2654 2669 2593 2560
f 3166 3158 3164 3168
f 1752 1873 1786 1651
f 602 604 1008 941
f 2006 2021 2052 2027
f 2811 2738 2749 2812
f 3394 3396 3340 3336
f 2272 2273 2137 2131
f 2720 2739 2665 2648
f 660 523 633 734
f 2603 2638 2709 2699
f 31 29 51 58
f 2524 2568 2586 2544
f 3445 3447 3484 3482
f 3118 3081 3102 3128
f 892 858 759 802
f 1229 1439 1375 1122
f 1221 1277 1161 1083
f 2725 2678 2679 2726
f 2244 2206 2207 2245
f 3091 3078 3023 3042
f 305 304 286 262
f 14 7 2765 2764
f 1394 1200 1161 1370
f 969 974 977 970
f 1632 1611 1502 1515
f 1448 1449 1406 1417
f 419 391 270 320
f 884 935 961 933
f 1157 944 821 900
f 3189 3199 3200 3190
f 1220 1208 1242 1251
f 1415 1417 1404 1403
f 3632 3633 3624 3623
f 2616 2659 2661 2617
f 3022 3076 3122 3075
f 1113 1682 1502 1274
f 846 952 835 740
f 190 196 242 225
f 2655 2614 2561 2593
f 1233 1513 1596 1400
f 1872 1777 1664 1787
f 466 455 430 429
f 2636 2708 2730 2681
f 448 413 452 476
f 1551 1563 1737 1716
f 3135 3106 3077 3124
f 1302 1349 1408 1361
f 2395 2386 2350 2380
f 140 120 186 199
f 603 605 247 256
f 3599 3589 3571 3595
f 1267 1309 1310 1268
f 3492 3497 3431 3426
f 3033 3012 3062 3085
f 710 793 886 777
f 324 437 410 283
f 612 615 395 313
f 1527 1570 1529 1499
f 3009 3032 3083 3072
f 1579 1569 1505 1519
f 617 621 425 397
f 1109 1099 1135 1134
f 2286 171 2304 2303
f 1620 1480 1379 1542
f 3160 3178 3174 3152
f 2582 2558 2282 2316
f 3296 3363 3392 3320
f 1361 1408 1451 1396
f 407 268 321 434
f 802 759 657 691
f 96 89 120 140
f 195 214 196 183
f 2999 3043 3092 3068
f 1625 1537 1669 1859
f 874 999 1071 921
f 1120 1225 1256 1136
f 307 264 316 344
f 1428 1429 1792 1806
f 3075 3122 3121 3090
f 1352 1399 1548 1512
f 2073 2069 2032 2095
f 1733 1753 1865 1839
f 3470 3502 3503 3471
f 1664 1652 1533 1555
f 2874 2930 2980 2883
f 1139 1123 1425 1424
f 3123 3091 3067 3110
f 3465 3404 3391 3443
f 1539 1551 1481 1464
f 1743 1759 1766 1758
f 2186 2213 2214 2187
f 896 882 500 499
f 2918 2713 2716 2914
f 2546 2575 2621 2605
f 1184 1400 1368 1199
f 955 867 837 926
f 1769 1784 1762 1748
f 729 702 644 643
f 882 778 527 500
f 2774 2814 2852 2851
f 1147 1237 1289 1225
f 3468 3457 349 374
f 1699 1713 1857 1834
f 1139 1020 1021 1123
f 1530 1577 1492 1461
f 3636 3627 3628 3637
f 2823 2742 2753 2824
f 535 536 513 537
f 2986 3006 2892 2891
f 3297 3315 3290 3267
f 2405 2488 2493 2407
f 801 762 755 786
f 2831 2892 2893 2832
f 3508 2467 2470 3524
f 1679 1722 1721 1678
f 1030 969 970 1031
f 3066 3109 3146 3129
f 903 912 984 983
f 1089 1066 1067 1090
f 2664 2647 2548 2587
f 549 579 570 497
f 2166 2142 2581 2630
f 1790 1803 1897 1887
f 2829 2744 2755 2830
f 2394 2379 2381 2396
f 1625 1624 1312 1328
f 119 109 86 89
f 2780 2781 2862 2861
f 1903 1886 1893 1904
f 1159 1126 1047 946
f 315 305 262 287
f 648 749 716 683
f 1412 1348 1358 1445
f 2676 2623 2625 2677
f 2353 2346 2347 2354
f 1318 1269 1226 1363
f 591 595 393 421
f 2907 3049 3067 2935
f 1870 1832 1794 1826
f 2291 2333 2356 2336
f 819 820 779 778
f 1000 998 1037 1036
f 2809 2979 2873 2810
f 2651 2610 2581 2556
f 72 93 166 136
f 3213 3228 3230 3215
f 161 140 199 220
f 347 443 514 414
f 3172 3131 3132 3173
f 2498 2503 2504 2500
f 3630 3616 3625 3635
f 161 140 275 312
f 2334 2321 2249 2255
f 3390 3389 3375 3384
f 1298 2369 340 1210
f 1655 1626 1456 1476
f 1969 1976 1930 1926
f 3007 2989 2894 2893
f 1768 1796 1769 1747
f 2560 2593 2561 2529
f 3553 3566 3564 3551
f 2576 2577 2816 2814
f 2537 2540 2448 2447
f 2087 3299 3300 2088
f 743 691 569 641
f 3440 3432 3371 3378
f 880 954 1084 999
f 1505 1569 1527 1369
f 2079 2116 2056 2034
f 3215 3217 3199 3197
f 234 284 327 282
f 2458 2460 184 175
f 2258 2232 2299 2327
f 805 933 883 774
f 1928 1774 1807 1835
f 1514 1526 1518 1517
f 400 462 554 443
f 1427 1428 1806 1805
f 3229 3214 3216 3231
f 944 887 794 821
f 1204 1138 1264 1263
f 1886 1903 1889 1865
f 21 64 80 30
f 3297 3298 3233 3232
f 1031 1078 1680 1679
f 1402 1335 1348 1412
f 1034 996 927 997
f 1116 1128 1094 1093
f 2641 2735 2736 2643
f 1558 1546 1753 1665
f 1363 1226 1227 1364
f 191 203 204 192
f 522 468 415 457
f 1804 1805 1950 1943
f 58 59 63 60
f 3182 3173 3171 3179
f 2311 2312 2314 2262
f 2430 2432 2613 2612
f 3489 3542 3613 3560
f 707 790 589 585
f 568 551 534 553
f 1782 1760 1738 1761
f 2020 2035 2014 2011
f 421 393 272 322
f 1244 1222 1245 1279
f 1203 1281 1248 1137
f 2417 2427 2429 2418
f 2928 2916 3012 3033
f 2891 2892 2831 2829
f 2764 2765 3631 3629
f 762 801 556 541
f 1219 1272 1273 1234
f 506 479 455 466
f 3367 3366 3374 3375
f 2529 2561 2311 2297
f 1475 1440 1773 1713
f 1547 1454 1508 1770
f 1630 1649 1703 1662
f 2857 2858 2962 2961
f 3586 3601 3509 3499
f 1602 1469 1470 1603
f 641 569 468 522
f 2866 2785 2786 2867
f 170 149 151 171
f 680 697 753 724
f 1793 1781 1837 1884
f 1206 1170 820 819
f 398 426 622 618
f 3562 2472 2477 3563
f 598 601 366 375
f 1304 1339 1397 1374
f 1878 1782 1817 1883
f 1764 1755 1868 1821
f 2264 2238 2239 2265
f 606 608 1012 1010
f 1356 1346 1325 1332
f 1567 1601 1519 1487
f 1259 1260 1104 1114
f 892 993 1129 1059
f 3617 3619 3620 3618
f 3447 3445 3397 3399
f 3129 3146 3187 3186
f 3584 3587 3497 3496
f 3338 3335 3323 3328
f 264 251 309 316
f 1382 1371 1419 1435
f 2471 2472 3562 3559
f 2021 2022 2053 2052
f 2919 2931 3036 3018
f 821 794 619 615
f 1429 1442 1774 1792
f 2318 2329 2348 2340
f 396 424 620 616
f 2170 2162 3277 3276
f 1945 1937 1971 1977
f 2729 2680 2681 2730
f 1775 1795 1745 1660
f 443 554 671 514
f 3265 3258 3259 3266
f 2010 2019 2020 2011
f 3279 3275 3276 3281
f 424 487 624 620
f 1918 1900 1962 1967
f 1824 1830 1880 1864
f 1311 1284 1102 1016
f 512 490 491 521
f 1636 1586 1618 1645
f 1208 1207 1054 1055
f 1166 1149 1247 1246
f 1975 1972 2285 2269
f 358 360 187 178
f 1612 1613 1569 1579
f 1227 1169 1292 1319
f 2132 2137 2150 2146
f 49 55 57 51
f 2674 2620 2621 2675
f 1377 1525 1495 1343
f 1935 1943 1976 1969
f 266 267 3614 3613
f 1272 1389 1390 1273
f 2571 2641 2643 2573
f 415 403 353 363
f 618 622 797 824
f 2388 2415 2416 2389
f 1557 1575 1665 1634
f 2901 2842 2851 2919
f 3191 3181 3182 3192
f 1719 1720 1729 1728
f 698 672 654 688
f 2175 2184 2083 2080
f 1839 1866 1849 1828
f 2309 2310 2190 2194
f 2233 2261 2262 2234
f 2616 2637 2585 2567
f 3526 3474 3476 3528
f 2167 2174 2034 2030
f 2884 2994 2995 2885
f 2305 2397 2399 2307
f 2121 2122 1952 1951
f 2546 2526 2536 2575
f 1265 1307 1308 1266
f 3140 3142 2981 2995
f 113 154 135 101
f 2099 2103 2120 2114
f 2647 2719 2720 2648
f 3158 3143 3020 3074
f 345 400 443 347
f 1275 1300 1143 1128
f 1247 1263 1339 1304
f 1405 1393 1277 1301
f 1946 1845 1808 1896
f 2563 2657 2658 2565
f 275 257 604 602
f 856 827 809 845
f 2209 1957 1960 2210
f 2227 2243 1209 1186
f 1531 1624 1858 1788
f 1873 1874 1800 1786
f 2790 2721 2722 2791
f 2126 2135 2162 2148
f 711 668 924 965
f 1648 1639 1568 1578
f 3187 3146 3148 3188
f 751 736 761 799
f 703 558 509 681
f 2346 2339 2340 2347
f 2991 2979 2809 2808
f 2483 2507 2427 2417
f 2518 2519 2122 2121
f 1123 1022 1023 1124
f 2256 2250 2322 2335
f 2929 2992 2993 2930
f 18 22 68 62
f 2526 2548 2549 2527
f 2226 2247 2248 2227
f 886 939 1042 934
f 1106 1034 997 1060
f 3593 3576 3577 3594
f 2238 2217 2220 2239
f 3019 2959 2960 3021
f 599 601 274 311
f 3465 3478 3626 3350
f 3099 3127 3128 3100
f 183 196 190 177
f 2537 2536 2539 2540
f 175 184 102 100
f 881 958 876 875
f 1828 1849 1840 1820
f 3349 3344 3345 3351
f 2660 2640 2710 2714
f 1647 1661 1811 1798
f 835 878 742 701
f 1041 1190 1171 936
f 361 369 610 608
f 1882 1796 1768 1869
f 2426 2428 2365 2362
f 2666 2627 2553 2589
f 2220 2232 2258 2239
f 73 70 23 25
f 2604 2620 2422 2421
f 2330 2378 2380 2334
f 2145 2128 2132 2146
f 1611 1465 1274 1502
f 2594 2562 2615 2656
f 1637 1799 1706 1554
f 726 688 689 727
f 3517 3518 636 635
f 3438 3439 3441 3440
f 740 835 701 577
f 995 955 926 998
f 784 834 785 687
f 1434 1391 1414 1469
f 57 55 132 150
f 3202 3206 2336 2356
f 3530 3531 3577 3576
f 629 669 564 530
f 2695 2707 2783 2782
f 945 888 948 1046
f 450 497 470 418
f 2443 2433 2419 2432
f 2846 2793 2780 2861
f 343 308 263 306
f 2729 2794 2783 2707
f 1029 968 969 1030
f 546 521 2289 2252
f 3054 3055 3608 3606
f 3144 3145 3040 3048
f 1959 1898 1917 1966
f 1024 1026 1125 1124
f 997 1035 1069 1060
f 2733 2682 2683 2734
f 281 326 284 234
f 3250 3251 3126 3125
f 2913 2915 3009 2976
f 3167 3165 3166 3168
f 1125 1141 1429 1428
f 2553 2627 2628 2554
f 397 425 326 281
f 2632 2612 2694 2706
f 776 885 792 709
f 1097 1098 1166 1148
f 3208 3207 2337 2332
f 2852 2814 2816 2853
f 3226 3211 3212 3227
f 2906 2907 2821 2803
f 3331 3333 3324 3321
f 1884 1837 1871 1901
f 3478 3465 3443 3480
f 2082 2092 2085 2077
f 1682 1717 1726 1688
f 1663 1650 1601 1588
f 1251 1242 1314 1323
f 2587 2548 2526 2546
f 2448 2483 2417 2397
f 2133 2244 2245 2134
f 738 725 905 913
f 1093 1094 1081 1080
f 418 470 498 446
f 1988 1983 1991 1990
f 2689 2649 2588 2665
f 3572 2555 2580 3575
f 1110 957 1138 1204
f 3342 3339 3335 3338
f 2602 2531 2533 2603
f 2717 2788 2737 2545
f 375 366 198 219
f 194 180 176 189
f 180 193 195 183
f 1904 1893 1958 1964
f 2669 2743 2754 2696
f 2358 2191 2143 2306
f 2636 2602 2698 2708
f 711 965 1312 1131
f 692 674 659 658
f 1008 1010 1023 1022
f 2770 2684 2685 2771
f 3358 3357 3359 3361
f 2945 2977 2895 2882
f 773 842 935 963
f 3014 3159 3160 3015
f 857 743 829 906
f 1920 1885 1861 1892
f 616 620 795 822
f 2598 2570 2640 2660
f 586 590 791 708
f 3264 3247 3208 3210
f 2323 2326 2324 2315
f 3393 3448 3449 3398
f 3513 3505 3546 3592
f 2308 2309 2194 2203
f 1048 953 873 918
f 3399 3397 3389 3390
f 723 750 800 784
f 1520 1497 1412 1445
f 2388 2391 2087 2057
f 2222 2221 2215 2216
f 2286 2303 2319 2298
f 284 411 440 327
f 132 128 133 150
f 3337 3341 3342 3338
f 1374 1362 1303 1304
f 552 553 536 535
f 3302 3343 2449 2402
f 3611 3612 3060 3103
f 2222 2216 2273 2272
f 1509 1365 1016 842
f 1824 1864 1879 1891
f 2542 2692 2521 2440
f 1818 1850 1750 1653
f 685 686 670 650
f 2792 2725 2726 2793
f 1638 1647 1798 1783
f 1627 1617 1783 1797
f 95 88 118 138
f 1962 1946 1987 1995
f 2488 2498 2500 2493
f 250 285 243 226
f 2940 3005 3070 2986
f 1665 1733 1709 1666
f 3443 3391 3397 3445
f 2092 2084 2107 2108
f 665 664 769 770
f 932 1267 1268 896
f 1685 1641 1610 1631
f 1465 1464 1354 1274
f 2381 2351 2387 2396
f 2727 2825 2826 2728
f 390 406 460 451
f 724 753 825 798
f 2002 2000 1974 1986
f 1045 1077 1219 1234
f 2311 2561 2319 2312
f 1909 1924 1822 1819
f 1101 1203 1137 1053
f 2672 2641 2571 2599
f 999 874 838 880
f 868 1039 1014 860
f 2892 3006 3007 2893
f 1134 1135 1202 1188
f 2230 2270 2332 2276
f 446 498 524 480
f 445 431 467 478
f 1051 1002 1038 1061
f 85 90 122 108
f 3442 3492 3426 3402
f 3217 3232 3233 3218
f 2796 2849 2868 2787
f 1892 1861 1809 1814
f 109 123 91 86
f 1281 1350 1317 1248
f 117 107 85 88
f 1751 1779 1548 1399
f 3597 3591 3592 3596
f 3049 3149 3130 3067
f 605 607 258 247
f 170 171 2286 2285
f 1324 1333 1275 1261
f 1458 1405 1301 1359
f 3298 3297 3267 3274
f 3020 2920 2902 2959
f 2570 2534 2535 2572
f 1977 1971 1927 1932
f 432 363 405 458
f 2155 2161 2246 2237
f 548 559 496 469
f 1349 1383 1436 1408
f 144 163 202 169
f 1188 1202 1238 1212
f 1461 1474 1230 1206
f 2535 2574 2600 2572
f 127 104 149 155
f 2819 2740 2751 2820
f 1466 1482 1333 1324
f 1573 1591 1592 1574
f 428 464 466 429
f 1029 1030 1678 1677
f 44 208 133 41
f 2968 2949 2953 2972
f 126 234 282 165
f 251 236 331 346
f 1838 706 773 1812
f 3390 3384 3411 3422
f 1931 1944 1961 1951
f 1765 1774 1658 1671
f 1732 1696 1695 1731
f 1000 1036 1004 928
f 1351 1366 1232 1215
f 1255 1213 1290 1338
f 2182 2177 1910 1915
f 1300 1446 1315 1143
f 532 502 533 566
f 3040 3145 3147 3041
f 1525 1543 1514 1495
f 1999 2001 1981 1973
f 3344 2478 2479 3345
f 1707 1602 1603 1708
f 3394 3395 3387 3382
f 1995 1987 2000 2002
f 2117 2118 2376 2384
f 779 820 911 863
f 2740 2666 2690 2751
f 566 574 680 651
f 1486 1480 1620 1619
f 622 626 715 797
f 2883 2811 2812 2874
f 3327 3337 3338 3328
f 1603 1470 1458 1593
f 1007 1176 1177 1009
f 3499 3509 2473 2469
f 118 108 131 141
f 3018 3036 3139 3137
f 1039 1136 1130 1014
f 758 641 719 744
f 1681 1618 1587 1640
f 2863 2864 2924 2938
f 2795 2730 2708 2784
f 2171 2181 2193 2188
f 607 609 276 258
f 2530 2563 2565 2532
f 3211 3213 3195 3193
f 3286 3289 3308 3304
f 252 289 291 254
f 523 459 550 633
f 921 1071 1120 1005
f 2362 2365 2364 2363
f 2788 2841 2900 2737
f 273 161 312 394
f 1518 1571 1544 1516
f 1295 1322 1271 1218
f 2328 2317 2339 2345
f 257 248 606 604
f 2966 2937 2938 2968
f 1165 1146 1201 1222
f 1323 1314 1346 1357
f 2813 2884 2885 2815
f 471 500 527 510
f 3052 3095 3094 3051
f 1852 1888 1944 1931
f 1310 1530 1461 1283
f 341 473 530 409
f 1659 1714 1781 1793
f 3030 2926 2912 2974
f 2279 2258 2327 2343
f 171 156 2290 2304
f 1954 1999 1973 1924
f 1680 1723 1722 1679
f 3379 3367 3375 3389
f 593 599 311 391
f 1583 1511 1231 1386
f 2998 3042 3043 2999
f 2241 2233 1939 1953
f 38 40 128 112
f 2058 2088 2089 2059
f 773 1318 1473 1812
f 3004 3044 3045 3005
f 2214 2205 2183 2187
f 3116 3056 3057 3119
f 2643 2673 2601 2573
f 1185 1321 1477 1442
f 1350 1385 1341 1317
f 3631 3632 3623 3622
f 3447 3399 3428 3453
f 1425 1427 1805 1804
f 48 47 205 206
f 1504 1517 1516 1503
f 444 385 386 445
f 3409 3432 3308 3314
f 3319 3317 3291 3294
f 1164 1144 1262 1287
f 1967 1962 1995 1997
f 1453 1410 2476 2767
f 3205 3204 3239 3241
f 814 720 704 765
f 1020 941 1008 1021
f 2859 2860 2922 2947
f 98 126 165 146
f 3162 3167 3168 3163
f 1854 1760 1782 1878
f 541 556 557 543
f 1218 1271 1272 1219
f 2558 2528 2274 2282
f 1803 1844 1942 1897
f 3553 3551 3457 3468
f 662 676 562 572
f 951 912 913 925
f 3309 3305 3306 3313
f 1829 1812 1757 1772
f 2326 2325 2362 2363
f 2023 2045 2043 2019
f 2239 2258 2279 2265
f 2973 2975 3060 3058
f 3226 3228 3213 3211
f 3045 3028 3080 3098
f 2557 3567 3568 2564
f 27 28 32 42
f 1479 1478 1377 1378
f 637 630 203 215
f 131 142 123 109
f 1321 1353 1484 1477
f 78 79 54 53
f 534 503 476 504
f 2768 2769 4 2
f 1450 1420 1409 1421
f 2770 2771 2778 2777
f 3522 3512 3513 3523
f 1144 1106 1060 1095
f 104 103 105 106
f 3573 3578 2586 2568
f 2011 2014 2015 2009
f 3523 3513 3592 3591
f 2508 2423 2424 2509
f 1933 1939 1880 1830
f 2152 2100 2093 2154
f 363 353 390 405
f 2797 2798 2869 2850
f 755 726 727 756
f 3458 3395 3325 3310
f 3241 3239 3236 3238
f 2958 2901 2919 3018
f 2018 2032 2050 2047
f 2169 2153 2156 2170
f 2525 2545 2737 2716
f 3216 3218 3233 3231
f 1736 1681 1640 1684
f 1998 1997 2004 2005
f 2659 2700 2701 2661
f 1451 1460 1452 1422
f 2397 2417 2418 2399
f 1009 1011 607 605
f 1779 1780 1561 1548
f 1497 1488 1402 1412
f 57 150 290 59
f 2917 2712 2713 2918
f 2130 2142 1993 1963
f 2534 2571 2573 2535
f 474 501 565 531
f 3381 3385 3424 3413
f 134 113 238 266
f 1336 1276 1243 1315
f 3370 3371 3289 3285
f 61 17 18 62
f 2139 2143 2124 2123
f 3078 3024 2963 3023
f 93 75 148 166
f 3089 3074 3019 3038
f 956 1101 1053 894
f 3121 3122 3124 3123
f 2596 2586 3578 3577
f 86 91 124 110
f 83 73 25 34
f 2509 2424 2436 2525
f 2247 2266 2267 2248
f 2410 2422 2481 2436
f 1819 1822 1583 1605
f 770 769 876 877
f 1598 1629 1599 1565
f 1131 1112 695 711
f 198 185 117 137
f 3380 3383 3368 3366
f 1278 1298 1326 1316
f 1115 1105 1079 1032
f 3058 3060 3059 3101
f 2078 2086 2140 2138
f 1387 1670 1615 1443
f 298 299 725 738
f 1283 1461 1206 910
f 2549 2588 2550 2527
f 2760 2764 3629 3532
f 1416 1404 1393 1405
f 3334 3332 3322 3326
f 769 768 875 876
f 6 24 930 1266
f 2 4 22 18
f 2988 2990 3060 3058
f 1420 1395 1373 1409
f 1907 1891 1902 1914
f 1106 1119 1049 1034
f 395 423 324 279
f 3520 3522 3523 3521
f 3388 3383 3380 3386
f 1482 1505 1369 1333
f 1071 1147 1225 1120
f 2254 2196 2198 2256
f 269 231 273 323
f 1383 1382 1435 1436
f 2219 2218 2221 2222
f 3623 3624 3555 3554
f 3331 3321 3230 3228
f 1478 1485 1617 1609
f 3268 3265 3266 3271
f 817 853 597 595
f 304 336 306 286
f 2934 2997 3066 3048
f 2271 2272 2131 2127
f 1449 1418 1394 1406
f 3032 2927 2928 3033
f 3493 3490 3535 3540
f 576 652 208 207
f 386 388 431 445
f 2493 2494 2409 2407
f 3188 3190 3200 3198
f 3559 3562 3627 3625
f 2950 2951 2953 2949
f 43 48 45 39
f 403 416 365 353
f 1042 1121 1153 938
f 1094 1117 1082 1081
f 2435 2515 2383 2308
f 1818 1841 1876 1850
f 3353 3361 3362 3354
f 1931 1933 1830 1779
f 333 300 301 334
f 2781 2694 2695 2782
f 2467 87 80 2470
f 2708 2698 2785 2784
f 614 362 396 616
f 3251 3252 3114 3126
f 3539 3478 3480 3556
f 3314 3316 3403 3409
f 1848 1823 1813 1831
f 609 611 377 368
f 1708 1603 1593 1687
f 705 560 660 766
f 717 718 977 974
f 3100 3071 2989 3007
f 2794 2729 2730 2795
f 777 886 934 806
f 1463 1501 1431 1322
f 2076 2091 2103 2099
f 2426 2439 2440 2428
f 592 596 818 793
f 794 712 623 619
f 475 448 476 503
f 515 477 478 517
f 1957 1940 1941 1960
f 1284 1311 1171 1190
f 3461 3460 3416 3417
f 2698 2602 2603 2699
f 2270 2291 2336 2332
f 667 634 573 582
f 3241 3263 3209 3205
f 2577 2551 2775 2816
f 360 368 200 187
f 2236 2154 2155 2237
f 2769 3299 3177 3159
f 658 659 645 578
f 1811 1661 1589 1725
f 2528 2559 2560 2529
f 688 654 655 689
f 2987 2954 2955 2988
f 3554 3555 2476 2475
f 1657 1618 1681 1671
f 2889 2890 2827 2826
f 451 460 525 526
f 2765 2766 3632 3631
f 1956 1928 1836 1870
f 2198 2201 2250 2256
f 1236 1286 1349 1302
f 2472 61 62 2477
f 1032 1079 1068 991
f 3401 3405 3444 3446
f 839 921 1005 859
f 2869 2870 2927 2915
f 1694 1695 1498 1413
f 578 645 579 549
f 1305 1384 1350 1281
f 435 322 269 408
f 1836 1815 1832 1870
f 97 125 163 144
f 2930 2993 3064 2980
f 2283 2295 2298 2287
f 2592 2559 2528 2558
f 3318 3319 3294 3292
f 559 578 549 496
f 277 314 613 610
f 356 358 178 185
f 2745 2833 2834 2756
f 1745 1768 1747 1702
f 1003 830 850 1072
f 3065 3089 3038 2996
f 406 446 480 460
f 1688 1690 1572 1580
f 2642 2662 2715 2711
f 1806 1792 1937 1945
f 585 589 419 481
f 3127 3117 3118 3128
f 3085 3062 3087 3108
f 2645 2686 2687 2646
f 3350 3358 3361 3353
f 1286 1316 1383 1349
f 1758 1766 1863 1855
f 2838 2840 2747 2736
f 3530 3514 3515 3531
f 2378 2393 2395 2380
f 1443 1463 1322 1295
f 2177 2186 2187 2178
f 2927 2870 2871 2928
f 3179 3175 3176 3180
f 3365 3364 3295 3293
f 2772 2804 3514 3530
f 1643 1644 1592 1591
f 2842 2789 2774 2851
f 2372 2236 2237 2373
f 1292 1172 1440 1475
f 1629 1702 1649 1599
f 3524 2470 2471 3559
f 1059 954 858 892
f 75 52 94 148
f 1943 1950 1984 1976
f 3116 3027 3044 3115
f 1897 1942 1980 1929
f 1148 1239 1150 1100
f 1631 1610 1566 1600
f 2617 2569 2598 2639
f 1028 1029 1677 1676
f 2700 2659 2597 2671
f 389 354 573 634
f 1766 1759 1767 1777
f 2370 2235 2236 2372
f 3230 3232 3217 3215
f 2029 2028 2030 2031
f 3010 3061 2977 2945
f 146 165 314 277
f 1244 1279 1372 1337
f 3382 3380 3366 3367
f 1862 1873 1752 1746
f 3431 3499 2469 2468
f 3290 3292 3252 3251
f 3340 3350 3353 3341
f 689 655 656 690
f 3451 3442 3402 3407
f 1744 1540 1465 1611
f 384 465 454 383
f 3567 3582 3583 3568
f 2847 2910 2924 2864
f 1609 1627 1543 1525
f 1326 1299 1371 1382
f 2704 2684 2770 2776
f 2668 2653 2559 2592
f 832 843 601 598
f 2211 2228 2229 2212
f 3295 3296 3320 3316
f 274 256 117 137
f 1767 1759 1632 1652
f 3145 3183 3184 3147
f 1723 1683 1689 1732
f 1543 1554 1526 1514
f 2029 2053 2022 2007
f 1883 1816 1796 1882
f 2469 2473 83 99
f 3268 3284 3303 3269
f 2890 2985 2939 2879
f 3474 3461 3463 3476
f 3420 2456 2461 3430
f 2521 2513 2514 2522
f 2686 2748 2749 2687
f 2332 2336 3206 3208
f 1060 1069 1107 1095
f 2480 2449 3343 3346
f 2112 2097 2099 2114
f 2963 2908 2909 2964
f 1401 1342 1251 1323
f 2235 2370 2371 2228
f 1163 1118 1119 1164
f 99 83 34 54
f 2430 2441 2443 2432
f 2473 2474 73 83
f 2061 2052 2053 2062
f 862 770 877 959
f 267 239 3604 3614
f 3619 3608 3610 3620
f 3074 3020 2959 3019
f 1408 1436 1460 1451
f 2240 2226 209 232
f 2822 2877 2878 2824
f 2762 3630 3635 2761
f 3025 2964 3026 3079
f 801 827 542 556
f 1784 1785 1763 1762
f 311 274 137 158
f 1423 1319 1483 1510
f 286 306 263 244
f 2880 2940 2986 2891
f 3589 3556 3547 3571
f 1500 1490 1418 1449
f 1237 1302 1361 1289
f 828 866 879 848
f 958 1074 877 876
f 2691 2651 2556 2590
f 2583 2634 2329 2313
f 588 592 793 710
f 2447 2448 2225 2224
f 883 936 815 790
f 1635 1559 1560 1626
f 2307 2283 2284 2302
f 1273 1390 1457 1353
f 3384 3375 3374 3381
f 331 330 383 382
f 178 187 121 107
f 756 757 828 787
f 1641 1685 1740 1686
f 1222 1201 1211 1245
f 3457 3456 350 349
f 2584 2531 2602 2636
f 2562 2530 2531 2584
f 1061 1038 1062 1085
f 2871 2872 2916 2928
f 1896 1884 1901 1919
f 3454 3434 3429 3455
f 24 71 931 895
f 3570 3581 3534 3529
f 1298 1210 1299 1326
f 2059 2068 2048 2044
f 199 186 357 367
f 709 792 591 587
f 917 953 1092 1055
f 2088 3300 3301 2089
f 1410 1075 71 2476
f 2547 2576 2814 2774
f 2021 2006 2007 2022
f 351 337 371 399
f 525 562 676 663
f 1724 1725 1633 1644
f 2041 2037 2067 2066
f 2808 2809 2663 2644
f 1529 1468 1446 1499
f 1149 893 1015 1247
f 228 227 332 330
f 160 139 96 116
f 3184 3189 3149 3147
f 2026 2064 2066 2028
f 2495 2505 2437 2420
f 2740 2723 2627 2666
f 2936 2999 3068 2982
f 36 44 41 33
f 332 347 414 384
f 2911 2848 2865 2925
f 1130 1240 1203 1101
f 2232 2225 2305 2299
f 1817 1782 1761 1785
f 3498 3420 3430 3519
f 1787 1664 1555 1707
f 2342 2349 2263 2267
f 1859 1899 1983 1965
f 942 900 612 609
f 3255 3268 3271 3256
f 2409 2494 2497 2414
f 2013 2023 2019 2010
f 108 122 142 131
f 1650 1705 1612 1579
f 2438 2516 2517 2439
f 2288 2313 2329 2318
f 1072 850 893 1149
f 1551 1716 1621 1481
f 870 844 871 899
f 999 1084 1147 1071
f 661 662 572 646
f 3037 3020 3143 3141
f 1725 1589 1520 1633
f 2882 2895 2836 2835
f 1259 1324 1261 1260
f 193 223 226 195
f 1926 1930 1917 1898
f 3326 3322 3317 3319
f 34 25 7 14
f 23 24 6 5
f 2914 2900 3104 3120
f 917 916 845 847
f 2972 2942 2943 2973
f 321 271 392 420
f 2437 2505 2686 2645
f 3115 3044 3004 3069
f 2682 2733 2709 2638
f 2761 3 8 2762
f 1990 1991 2172 2165
f 2392 2389 2401 2410
f 1459 1450 1421 1437
f 2415 2485 2486 2416
f 3529 3534 3483 3481
f 1077 901 824 947
f 2620 2604 2605 2621
f 2538 2688 2692 2542
f 615 619 423 395
f 2935 2998 2999 2936
f 2816 2775 2854 2853
f 165 282 398 314
f 2825 2888 2889 2826
f 318 338 310 291
f 2579 2626 2677 2625
f 345 329 335 348
f 2587 2546 2605 2646
f 211 193 180 194
f 1542 1379 1355 1467
f 3235 3239 3204 3201
f 700 673 701 742
f 194 189 224 241
f 2867 2868 2926 2943
f 858 813 729 759
f 2253 2330 2334 2255
f 1960 1949 2205 2210
f 3485 3557 3548 3486
f 2980 3064 3150 3136
f 320 270 230 268
f 2216 2140 2189 2273
f 1899 1877 1891 1907
f 1921 1929 1954 1934
f 2629 2610 2611 2631
f 2462 2464 3435 3415
f 3023 2963 2964 3025
f 755 756 787 786
f 2594 2563 2530 2562
f 2678 2629 2631 2679
f 294 336 304 242
f 90 97 144 122
f 1437 1421 1374 1397
f 255 302 319 301
f 501 447 532 638
f 2335 2322 2351 2381
f 3180 3176 3170 3174
f 2368 2361 2446 2453
f 3110 3067 3130 3148
f 1653 1750 1492 1577
f 907 862 959 1073
f 3598 3508 3524 3616
f 708 791 884 775
f 2547 2506 2257 2277
f 537 513 538 539
f 3494 3493 3540 3541
f 231 116 161 273
f 791 816 937 884
f 1309 1472 1530 1310
f 1376 1387 1159 1156
f 3221 3209 3263 3259
f 2719 2813 2815 2720
f 2037 2036 2123 2124
f 1676 1719 1718 1675
f 244 227 228 235
f 672 698 464 428
f 478 467 495 517
f 1055 1054 916 917
f 2455 2457 172 157
f 233 283 325 280
f 3220 3222 3223 3221
f 2819 2802 2723 2740
f 2274 2528 2296 2275
f 1868 1890 1842 1821
f 1452 1437 1397 1398
f 389 404 364 354
f 2946 2856 2857 2961
f 2699 2709 2787 2786
f 887 780 712 794
f 3488 3489 364 404
f 2490 2452 2453 2492
f 3634 3626 3550 3549
f 2345 2346 2353 2360
f 1687 1593 1489 1545
f 1890 1955 1911 1842
f 2539 2578 2624 2540
f 673 700 690 656
f 2389 2416 2420 2401
f 3414 3406 2457 2455
f 2217 2224 2225 2220
f 2728 2743 2669 2654
f 811 788 992 1083
f 1001 927 928 1002
f 2157 2195 2197 2159
f 2135 2171 2188 2162
f 1974 2000 1938 1908
f 3521 3523 3591 3590
f 542 515 517 544
f 3456 3517 635 350
f 2832 2833 2745 2732
f 2152 2235 2228 2211
f 2777 2778 2858 2857
f 966 1088 1091 987
f 422 394 596 592
f 3361 3359 3360 3362
f 1834 1857 1890 1868
f 1432 1433 1357 1356
f 1614 1699 1834 1734
f 2774 2702 2506 2547
f 141 131 109 119
f 2520 2557 2564 2523
f 3575 3593 3582 3572
f 2204 2213 2186 2182
f 3125 3126 3114 3111
f 3330 3334 3333 3329
f 669 679 631 564
f 494 577 545 465
f 313 395 279 162
f 1379 1378 1344 1345
f 121 143 97 90
f 3016 2957 2958 3017
f 368 377 221 200
f 2785 2698 2699 2786
f 3226 3227 3330 3329
f 2820 2876 2904 2819
f 383 454 453 382
f 1119 1106 1144 1164
f 2337 2320 2192 2181
f 2791 2722 2704 2776
f 504 476 452 492
f 946 889 796 823
f 2511 2060 2061 2512
f 2436 2481 2545 2525
f 1800 1787 1707 1708
f 3352 3348 3355 3360
f 1371 1360 1407 1419
f 203 630 632 204
f 217 237 340 335
f 861 734 840 957
f 2352 2382 2385 2355
f 2129 2121 1951 1961
f 2651 2691 2693 2652
f 2758 66 69 2759
f 473 441 474 531
f 647 677 499 471
f 2640 2570 2572 2642
f 773 964 1269 1318
f 1038 1004 1052 1062
f 1105 1115 1093 1080
f 921 839 814 874
f 3124 3078 3091 3123
f 3048 3040 2905 2904
f 3229 3231 3322 3332
f 1254 1224 1212 1238
f 1299 1287 1360 1371
f 55 50 112 132
f 2036 2078 2138 2123
f 3504 3472 3473 3505
f 2457 2459 147 172
f 631 679 750 723
f 2017 2008 2009 2018
f 2428 2440 2442 2431
f 1115 1132 1116 1093
f 1006 923 895 931
f 462 400 348 521
f 2796 2733 2734 2797
f 2713 2509 2525 2716
f 37 31 58 60
f 3336 3340 3341 3337
f 1007 1009 605 603
f 1513 1846 1825 1596
f 1597 1628 1598 1564
f 2957 3016 3175 3169
f 2482 2447 2224 2231
f 189 181 212 224
f 2848 2795 2784 2865
f 788 742 878 992
f 168 141 119 139
f 2623 2606 2607 2625
f 2487 2488 2405 2404
f 16 19 43 39
f 3455 3429 3400 3450
f 1127 1092 953 1048
f 3237 3242 3257 3240
f 2653 2727 2728 2654
f 1202 1213 1255 1238
f 1359 1301 1276 1336
f 792 817 595 591
f 2267 2263 2243 2248
f 2331 2254 2256 2335
f 1246 1247 1304 1303
f 2915 2927 3032 3009
f 830 681 705 850
f 66 8 67 82
f 1426 1294 1441 1560
f 1355 1432 1356 1347
f 1578 1568 1488 1497
f 2100 2152 1875 772
f 797 715 783 890
f 1718 1719 1728 1727
f 2591 2541 2543 2595
f 3448 3485 3486 3449
f 3013 2978 2898 2897
f 847 873 953 917
f 1342 1313 1220 1251
f 3620 3612 3611 3618
f 471 472 668 647
f 3627 3562 3563 3628
f 2845 2792 2793 2846
f 2909 2846 2861 2923
f 2804 2772 2773 2805
f 2562 2584 2635 2615
f 2850 2869 2915 2913
f 1660 1745 1702 1629
f 89 86 110 120
f 2833 2894 2881 2834
f 64 2471 2470 80
f 2541 2520 2523 2543
f 1728 1692 1691 1727
f 1400 1462 1430 1368
f 3031 3072 3082 3047
f 2910 2969 2950 2924
f 2478 2370 2372 2479
f 2897 2898 2840 2838
f 772 1875 1829 842
f 2849 2912 2926 2868
f 2985 3069 3004 2939
f 1918 1932 1927 1900
f 3421 3433 3428 3422
f 3312 3307 3302 3301
f 1808 1793 1884 1896
f 809 810 847 845
f 316 328 352 344
f 1170 1352 911 820
f 152 2456 2455 157
f 1138 1205 1291 1264
f 2552 2518 2121 2129
f 1564 1598 1565 1541
f 2721 2676 2677 2722
f 263 246 227 244
f 1154 870 899 1257
f 2912 2849 2850 2913
f 220 199 367 376
f 373 387 338 318
f 3413 3424 3423 3412
f 2315 2324 2306 2300
f 3300 3311 3312 3301
f 2771 2779 2860 2859
f 2075 2090 2081 2070
f 2536 2526 2527 2539
f 425 488 439 326
f 2959 2902 2903 2960
f 1462 1584 1562 1430
f 1600 1630 1662 1631
f 991 1068 1056 952
f 447 412 502 532
f 2464 2465 3501 3435
f 87 46 30 80
f 382 453 463 401
f 3292 3294 3245 3252
f 2723 2802 2803 2724
f 2837 2896 2897 2838
f 482 420 590 586
f 1352 1512 1216 911
f 2548 2647 2648 2549
f 3460 3474 3475 3462
f 120 110 179 186
f 2116 2079 2080 2117
f 279 324 283 233
f 2979 3133 2929 2873
f 1128 1143 1117 1094
f 216 744 745 237
f 1240 1305 1281 1203
f 3242 3237 3203 3207
f 2555 2520 2541 2580
f 1965 1958 1858 1859
f 885 938 817 792
f 1557 2045 2023 1575
f 2182 1915 1948 2204
f 3148 3130 3190 3188
f 1470 1416 1405 1458
f 456 469 416 403
f 3003 2985 2890 2889
f 2712 2508 2509 2713
f 1594 1455 1375 1668
f 3278 3283 3285 3280
f 899 871 1142 1198
f 309 251 346 381
f 3628 3626 3634 3637
f 441 379 442 474
f 2181 2192 2208 2193
f 1011 942 609 607
f 2724 2741 2667 2628
f 888 781 807 948
f 246 288 329 347
f 3114 3115 3069 3097
f 1828 1820 1697 1709
f 3543 3498 3519 3630
f 3574 3580 3581 3570
f 2281 2251 2252 2289
f 651 680 724 696
f 2955 2956 2990 2988
f 1590 1786 1687 1545
f 1103 1027 1675 1674
f 1131 1312 1624 1531
f 2298 2319 2313 2287
f 775 884 933 805
f 1644 1633 1581 1592
f 2425 2426 2338 2278
f 3495 3491 3406 3414
f 1992 1978 1979 1993
f 4 2769 2057 2045
f 3001 2966 3055 3052
f 2806 3014 3015 2807
f 1674 1682 1113 1103
f 1637 1627 1797 1799
f 1495 1514 1504 1496
f 1099 1100 1150 1135
f 3547 3545 3565 3571
f 3571 3565 3590 3595
f 2902 2843 2844 2903
f 2835 2836 2746 2757
f 1780 1779 1830 1824
f 159 138 168 197
f 1214 964 1087 1189
f 1235 918 879 1200
f 2104 2067 2180 2105
f 215 191 261 295
f 1587 1552 1532 1566
f 577 701 673 545
f 2633 2680 2634 2583
f 1366 1328 1044 1232
f 2855 2856 2946 2921
f 2834 2881 2882 2835
f 2807 3015 2991 2808
f 3402 3426 2466 2460
f 1581 1556 1574 1592
f 227 246 347 332
f 2206 2211 2212 2207
f 2268 2274 2275 2269
f 372 428 429 373
f 2242 2290 156 129
f 3154 3162 3163 3156
f 2327 2299 2302 2328
f 2875 2933 2934 2876
f 497 570 561 470
f 2001 2003 1982 1981
f 3317 3298 3274 3291
f 2039 2041 2066 2065
f 746 859 868 747
f 1955 1969 1926 1911
f 859 746 731 839
f 1832 1735 1673 1794
f 3607 3617 3618 3609
f 1805 1806 1945 1950
f 211 194 241 293
f 3146 3109 3110 3148
f 162 279 233 125
f 3570 3529 3481 3469
f 2255 2249 2199 2197
f 3195 3213 3215 3197
f 2962 2858 2859 2947
f 1794 1673 1585 1606
f 3510 3520 3521 3511
f 3198 3200 3218 3216
f 3512 3504 3505 3513
f 1024 1010 1012 1026
f 3026 3050 3113 3079
f 1442 1477 1658 1774
f 2299 2305 2307 2302
f 1639 1620 1542 1568
f 1729 1693 1692 1728
f 3131 2917 2918 3132
f 3042 3023 3025 3043
f 2125 2147 1838 1875
f 2844 2791 2776 2855
f 929 1086 958 881
f 110 124 188 179
f 1698 1605 1438 1582
f 3246 3238 2270 2230
f 148 94 2465 2464
f 496 549 497 450
f 2460 2466 167 184
f 2925 2942 2953 2951
f 187 200 143 121
f 1731 1695 1694 1730
f 939 1076 1121 1042
f 287 262 235 245
f 3294 3291 3244 3245
f 851 956 894 831
f 280 325 424 396
f 3008 3046 3047 3010
f 40 41 133 128
f 1835 1827 1836 1928
f 1722 1723 1732 1731
f 433 320 268 407
f 1670 1387 1494 1656
f 1140 1154 1257 1249
f 381 346 401 449
f 2788 2717 2718 2789
f 3328 3323 3307 3312
f 1910 2177 2178 1912
f 1185 1045 1234 1321
f 371 380 412 399
f 2527 2550 2578 2539
f 3392 3403 3316 3320
f 230 115 159 271
f 2108 2109 2085 2092
f 2899 2841 2842 2901
f 3234 3236 3239 3235
f 236 228 330 331
f 2626 2608 2684 2704
f 1178 1193 1194 1179
f 2739 2817 2818 2750
f 296 261 265 297
f 3138 3140 2995 2994
f 510 527 778 779
f 1455 1293 1191 1375
f 980 966 987 986
f 2147 2125 2126 2148
f 1936 1932 1918 1923
f 2826 2827 2743 2728
f 350 635 229 114
f 2790 2843 2854 2775
f 3414 2455 2456 3420
f 684 638 651 696
f 1561 1549 1217 1198
f 926 837 830 1003
f 957 840 907 1138
f 630 648 650 632
f 1261 1275 1128 1116
f 3359 3351 3352 3360
f 1684 1640 1610 1641
f 1522 1493 1559 1635
f 1126 1077 947 1047
f 952 1056 878 835
f 157 172 92 84
f 2486 2619 2644 2495
f 748 860 851 732
f 2517 2521 2692 2688
f 3451 3407 3425 3506
f 2292 2293 2577 2576
f 1563 1551 1539 1550
f 385 333 334 386
f 3262 3264 3210 3223
f 1037 1003 1072 1098
f 2522 2515 2435 2442
f 2516 2511 2512 2517
f 1314 1242 1127 1297
f 923 960 930 908
f 3207 3203 2320 2337
f 312 275 602 600
f 2136 2128 2145 2149
f 1669 1635 1626 1655
f 1825 1814 1616 1596
f 2937 2862 2863 2938
f 1749 1710 1803 1790
f 2241 2275 2296 2261
f 2561 2583 2313 2319
f 2843 2790 2791 2844
f 1354 1324 1259 1258
f 33 41 40 35
f 1867 1921 1934 1881
f 2706 2694 2781 2780
f 460 480 562 525
f 2811 2813 2719 2738
f 470 561 571 498
f 1097 1148 1100 1052
f 3366 3368 3376 3374
f 1930 1936 1922 1917
f 3174 3170 3133 3152
f 3511 3521 3590 3565
f 3061 3084 3011 2977
f 1280 1255 1338 1373
f 2518 2553 2554 2519
f 2042 2039 2065 2064
f 2341 2352 2355 2342
f 248 259 608 606
f 2344 2341 2266 2259
f 795 713 781 888
f 442 447 501 474
f 3098 3127 3099 3070
f 2403 2390 2386 2395
f 2196 2158 2160 2198
f 2003 2005 1989 1982
f 3282 3279 3281 3287
f 2314 2290 2242 2262
f 1865 1889 1866 1839
f 555 576 207 206
f 1474 1492 1750 1751
f 1950 1945 1977 1984
f 210 217 250 249
f 2888 3000 3003 2889
f 1948 1957 2209 2204
f 3531 2773 2596 3577
f 2817 2886 2875 2818
f 270 158 115 230
f 667 582 3537 3536
f 787 828 848 810
f 2997 3039 3090 3066
f 1031 970 1066 1078
f 100 76 147 175
f 940 1175 1176 1007
f 1970 1967 1997 1998
f 2741 2821 2877 2822
f 1929 1980 1999 1954
f 1705 1704 1622 1612
f 2128 2127 2131 2132
f 2093 2046 2047 2094
f 2794 2847 2864 2783
f 1187 1165 1222 1244
f 1049 1033 955 995
f 1307 1282 1410 1453
f 1799 1810 1724 1706
f 774 883 790 707
f 2887 2888 2825 2823
f 3385 3376 3398 3400
f 1747 1769 1748 1703
f 2111 2157 2159 2113
f 575 723 784 687
f 1385 1398 1340 1341
f 1316 1326 1382 1383
f 621 625 488 425
f 2423 2391 2392 2424
f 1813 1681 1736 1831
f 1512 1561 1198 1216
f 481 419 320 433
f 2154 2093 2094 2155
f 603 605 358 356
f 2769 3634 3310 3299
f 2450 2444 2445 2451
f 3253 3255 3256 3254
f 2106 2105 2180 2175
f 1839 1828 1709 1733
f 2565 2597 2567 2532
f 1472 1521 1576 1530
f 1213 1150 1239 1290
f 72 67 46 52
f 3301 3302 2095 2089
f 2517 2512 2513 2521
f 2440 2521 2522 2442
f 3608 3055 3058 3610
f 993 892 802 857
f 2485 2618 2619 2486
f 357 359 606 604
f 854 614 616 822
f 2661 2599 2569 2617
f 245 236 251 264
f 2680 2633 2635 2681
f 2606 2649 2650 2607
f 2886 2981 2933 2875
f 3247 3264 3277 3260
f 3325 3395 3394 3336
f 201 222 378 369
f 2639 2598 2660 2683
f 13 11 33 35
f 2862 2781 2782 2863
f 967 971 972 968
f 1421 1409 1362 1374
f 3486 3487 3450 3449
f 1296 1329 1411 1432
f 1253 1223 1224 1254
f 1807 1765 1813 1823
f 3439 3436 3437 3441
f 2069 2073 2075 2070
f 1523 1607 1714 1659
f 796 714 625 621
f 1358 1127 1048 1285
f 3407 3402 2460 2458
f 1287 1262 1337 1360
f 906 829 216 209
f 2513 2062 2063 2514
f 759 729 643 657
f 933 1041 936 883
f 1409 1373 1338 1362
f 465 545 520 454
f 64 61 2472 2471
f 3481 3483 3446 3444
f 3122 3076 3105 3134
f 100 102 81 78
f 732 851 831 721
f 646 572 524 580
f 1634 1666 1577 1576
f 22 841 922 68
f 2800 2801 2872 2871
f 3159 3177 3178 3160
f 1710 1711 1700 1712
f 2343 2327 2328 2345
f 3415 3435 3500 3459
f 1445 1358 1556 1581
f 412 380 475 502
f 3260 3257 3242 3247
f 2744 2670 2697 2755
f 514 653 494 414
f 3269 3270 3273 3272
f 2670 2657 2563 2594
f 2592 2558 2611 2652
f 1991 1992 2173 2172
f 1738 1684 1641 1686
f 1556 1358 1285 1490
f 3067 3091 3042 2998
f 3041 3049 2907 2906
f 1288 1280 1373 1395
f 1919 1901 1920 1938
f 1595 1668 1375 1439
f 815 897 599 593
f 328 309 381 413
f 595 597 355 393
f 1968 1965 1983 1988
f 1633 1520 1445 1581
f 934 964 963 885
f 2993 3035 3088 3064
f 2748 2810 2812 2749
f 1522 1537 1366 1351
f 2881 2944 2945 2882
f 1084 1145 1237 1147
f 1059 1129 1236 1145
f 1036 1097 1052 1004
f 1296 1067 1054 1207
f 1258 1259 1114 1113
f 1282 1265 960 1006
f 2974 2912 2913 2976
f 2767 3418 3462 3633
f 2341 2342 2267 2266
f 3544 3549 3579 3569
f 2944 3008 3010 2945
f 637 215 295 722
f 145 164 126 98
f 2664 2587 2646 2687
f 2967 2971 2952 2948
f 17 1 2 18
f 1069 1096 1108 1107
f 469 496 450 416
f 1874 1872 1787 1800
f 3425 3407 2458 2459
f 848 879 918 873
f 1239 1246 1303 1290
f 1141 1185 1442 1429
f 155 170 1914 1902
f 600 602 941 898
f 292 310 402 302
f 1712 1668 1844 1803
f 1064 1155 1376 1156
f 583 774 707 585
f 627 780 807 781
f 1190 1191 1293 1284
f 677 803 896 499
f 1510 1614 1535 1423
f 1536 1654 1771 1582
f 659 674 675 645
f 3379 3396 3382 3367
f 987 989 988 872
f 2150 2273 2189 2179
f 3501 3508 3598 3588
f 584 777 806 776
f 3116 3225 3609 3117
f 584 484 588 710
f 1789 1772 1887 1833
f 584 709 587 483
f 1535 1614 1734 1755
f 1183 1182 1195 1233
f 1045 1185 1141 1025
f 989 987 1091 1104
f 1454 1547 2013 2012
f 1595 1594 1623 1667
f 1122 1121 1189 1229
f 1063 1153 1375 1152
f 160 272 393 197
f 3349 3357 3626 3372
f 685 971 975 950
f 512 2281 2375 511
f 1667 1842 1844 1668
f 3419 2476 3555 3463
f 1186 1209 1236 1129
f 2941 2942 2952 2971
f 1043 1172 1292 1169
f 961 1017 1041 933
f 1192 1175 1231 1511
f 1538 1735 1715 1608
f 237 812 849 340
f 675 731 746 747
f 3467 3472 3504 3512
f 1064 1065 1158 1155
f 1171 1311 1386 1231
f 3550 3539 3556 3589
f 1484 1524 1636 1645
f 197 392 271 159
f 1900 1845 1946 1962
f 1584 1701 1776 1562
f 994 920 1033 1058
f 2965 2948 2983 3002
f 816 853 1152 937
f 2017 2046 2049 2016
f 1033 1119 1118 1058
f 561 570 675 571
f 2967 3053 3219 3116
f 581 840 734 633
f 3416 3460 3462 3418
f 1363 1364 1535 1473
f 626 489 628 715
f 3395 3458 3466 3387
f 675 674 693 704
f 481 433 583 585
f 1413 1381 1693 1694
f 3432 3440 3441 3437
f 2156 2148 2162 2170
f 675 747 748 732
f 678 695 1112 922
f 935 884 937 962
f 661 646 675 682
f 1133 1212 1224 1223
f 1498 1695 1696 1534
f 3283 3248 3344 3369
f 3116 3219 3224 3225
f 1293 1455 1439 1229
f 1343 1495 1496 1331
f 1844 1894 1959 1942
f 583 482 586 708
f 1307 1491 1471 1308
f 898 1018 1043 818
f 402 495 467 431
f 1065 1064 1156 1159
f 1607 1562 1776 1714
f 3309 3436 3561 3288
f 3280 3285 3289 3286
f 942 1181 1182 900
f 1511 1843 1513 1193
f 878 1056 1082 992
f 410 437 627 438
f 1192 1511 1193 1177
f 202 397 281 164
f 624 487 627 713
f 407 434 583 433
f 628 782 808 783
f 1133 1211 1201 1146
f 1776 1861 1885 1871
f 3391 3404 3396 3379
f 1306 1317 1341 1291
f 1771 1801 1833 1867
f 639 670 976 978
f 1844 1842 1911 1851
f 417 3490 3488 404
f 1155 1158 1197 1196
f 811 866 828 763
f 1087 1102 1293 1229
f 1390 1389 1538 1457
f 2278 2338 2325 2223
f 940 897 1151 1174
f 68 922 2012 2016
f 872 988 989 865
f 411 439 628 440
f 209 2226 2227 1057
f 2477 2484 3561 3563
f 1580 1572 1602 1707
f 1368 1494 1387 1199
f 1771 1867 1881 1856
f 3468 3489 3560 3553
f 2212 2229 2230 2207
f 1046 944 1184 1199
f 625 714 628 488
f 1184 1183 1233 1400
f 2008 2017 2016 2012
f 3253 3248 3283 3278
f 580 571 675 646
f 339 319 402 388
f 239 229 635 636
f 869 895 923 908
f 1085 1109 1133 1061
f 1538 1585 1673 1735
f 627 623 712 780
f 1670 1845 1826 1615
f 408 436 584 435
f 3579 3550 3589 3599
f 134 364 374 154
f 3264 3262 3272 3273
f 1050 1051 1133 1070
f 1381 1444 1692 1693
f 303 278 511 485
f 1513 1843 1982 1846
f 3306 3304 3308 3313
f 1388 1431 1538 1389
f 1046 1199 1197 945
f 67 72 136 130
f 818 1043 1076 939
f 1391 1381 1403 1414
f 1365 1509 1582 1438
f 938 1153 1063 817
f 2026 2024 2107 2071
f 719 642 760 836
f 1012 943 1077 1025
f 1653 1577 1666 1697
f 1572 1690 1691 1528
f 1164 1287 1299 1163
f 962 1152 1190 1041
f 1535 1755 1754 1604
f 2260 2428 2431 2202
f 3456 3457 3551 3558
f 56 77 76 53
f 402 387 430 455
f 1771 1856 1802 1698
f 583 775 805 774
f 670 686 950 976
f 2356 2333 3201 3202
f 854 1065 1159 946
f 836 920 994 849
f 3518 3517 3603 3604
f 1711 1741 1821 1842
f 114 135 349 350
f 945 1158 1065 822
f 486 623 627 437
f 3430 3427 3516 3519
f 970 979 1067 1066
f 1776 1701 1809 1861
f 1875 2152 2206 2133
f 163 280 396 362
f 204 632 567 205
f 1608 1646 1636 1524
f 1772 1757 1790 1887
f 3051 3094 3243
f 1411 1433 1432
f 3525 3526 3533
f 1354 1481 1621
f 209 1057 906
f 899 1217 1257
f 1209 1286 1236
f 2243 2263 2369
f 3488 3490 3493
f 3225 3607 3609
f 1680 1683 1723
f 1056 1081 1082
f 3030 3081 3103
f 2028 2104 2105
f 2194 2260 2202
f 1528 1602 1572
f 2941 2972 2953
f 2673 2747 2839
f 2048 2068 2095
f 567 632 639
f 2161 2449 2246
f 1571 1591 1573
f 2926 3030 2975
f 2398 2404 2405
f 1179 1194 1180
f 2127 2278 2271
f 3263 3271 3266
f 924 1044 965
f 1778 1829 1801
f 1582 1771 1698
f 2199 2249 2200
f 2801 2839 2872
f 1666 1709 1697
f 24 908 930
f 1741 1749 1757
f 1111 1306 1205
f 2967 3116 2971
f 3051 3243 3274
f 2353 2367 2360
f 340 1163 1210
f 1484 1645 1657
f 2087 2712 2917
f 2975 3030 3103
f 2514 2515 2522
f 3094 3095 3243
f 3598 3616 3630
f 2261 2297 2262
f 885 963 938
f 2087 2917 3299
f 1922 1936 1923
f 2574 2601 2839
f 3528 3624 3533
f 2014 2035 2095
f 3112 3113 3274
f 1586 1636 1646
f 2056 2116 2515
f 1087 1229 1189
f 1654 1829 1778
f 2081 2090 2200
f 663 771 768
f 3001 3052 3051
f 2544 2586 2596
f 1904 1964 1968
f 2371 2478 3248
f 579 645 675
f 1025 1125 1026
f 205 567 552
f 3533 3624 3633
f 1127 1358 1348
f 2119 2163 2200
f 3605 3617 3607
f 2200 2321 2350
f 2357 2444 2577
f 2033 2055 2149
f 1982 1989 1985
f 1023 1024 1124
f 2937 2966 3001
f 208 252 290
f 3537 3542 3541
f 962 1102 963
f 2839 3012 2916
f 409 530 427
f 2948 2984 2983
f 2102 2119 2200
f 1776 1871 1837
f 1313 1342 1329
f 1745 1795 1827
f 2600 2839 2662
f 2769 3159 3014
f 252 253 290
f 3246 3249 3254
f 2190 2310 2376
f 1618 1657 1645
f 3232 3321 3297
f 1250 1344 1331
f 31 37 32
f 3282 3305 3309
f 208 372 317
f 812 836 849
f 2218 2219 2223
f 3549 3550 3579
f 2152 2211 2206
f 1226 1269 1228
f 342 343 370
f 218 229 239
f 1846 1986 1974
f 2026 2071 2064
f 581 770 862
f 46 87 52
f 24 895 869
f 989 990 991
f 10 12 16
f 1110 1204 1247
f 2115 2175 2167
f 2408 2414 2413
f 2008 2012 2010
f 3136 3154 3138
f 2067 2104 2072
f 938 963 964
f 2968 3055 2987
f 2354 2361 2368
f 76 77 147
f 984 985 1067
f 2200 2387 2351
f 219 311 375
f 240 278 260
f 2225 2397 2305
f 490 723 491
f 3302 3307 3323
f 951 1067 985
f 1347 1380 1467
f 1889 1903 1904
f 891 916 904
f 2941 2953 2942
f 436 484 584
f 71 1075 931
f 1016 1320 1311
f 2175 2180 2184
f 2228 2371 3249
f 2169 3288 2484
f 676 767 771
f 329 345 347
f 3467 3522 3520
f 12 19 16
f 907 1073 1138
f 1307 1453 1491
f 389 417 404
f 1176 1192 1177
f 634 667 666
f 32 37 42
f 340 1058 1118
f 1162 2227 1186
f 3507 3585 3584
f 3297 3321 3315
f 3224 3607 3225
f 1318 1363 1473
f 2715 2839 2801
f 2937 3051 3274
f 1127 1348 1297
f 3265 3268 3269
f 1608 1672 1646
f 1595 1667 1668
f 1122 1375 1153
f 35 40 38
f 913 915 914
f 62 68 2484
f 309 328 316
f 1671 1681 1765
f 963 1102 1087
f 2294 2301 2428
f 966 980 978
f 1013 1252 1132
f 477 515 699
f 27 112 50
f 2510 2511 2516
f 771 929 881
f 2433 2454 2446
f 24 869 908
f 1250 1432 1345
f 685 950 686
f 2010 2012 2013
f 310 338 402
f 2194 2280 2260
f 2294 2358 2301
f 2194 2294 2280
f 1472 2045 1521
f 2131 2137 2132
f 2164 2200 2201
f 3506 3507 3584
f 2601 2673 2839
f 2967 3002 3053
f 2478 3344 3248
f 982 983 1067
f 151 156 171
f 2087 2423 2508
f 3131 3172 3299
f 1155 1196 1376
f 335 340 348
f 2110 2150 2179
f 2185 2190 2376
f 1546 2013 1547
f 435 584 483
f 1207 1208 1220
f 2192 3240 2208
f 1622 1704 1651
f 2867 2943 2954
f 1011 1179 1180
f 1074 1306 1111
f 2240 2366 2259
f 26 29 28
f 1894 1926 1898
f 819 910 1206
f 934 964 938
f 1017 1040 1041
f 1503 1516 1683
f 237 745 812
f 2205 2214 2210
f 1473 1604 1812
f 2177 2182 2186
f 940 1174 1175
f 882 896 910
f 253 300 290
f 68 2049 2100
f 2280 2294 2428
f 2524 2566 2568
f 2502 3275 3288
f 2126 2134 2135
f 1311 1320 1386
f 970 977 979
f 2366 2375 2382
f 15 38 111
f 217 285 250
f 962 1041 1102
f 3329 3333 3331
f 98 613 146
f 2180 2185 2184
f 3382 3396 3394
f 345 348 400
f 1838 2147 2153
f 3535 3536 3540
f 2331 2379 2449
f 1689 1696 1732
f 1016 1040 1017
f 340 919 994
f 208 289 252
f 2342 2355 2349
f 2983 3219 3053
f 853 1063 1152
f 3377 3626 3438
f 232 485 2240
f 2965 3002 2967
f 1016 1365 1320
f 2034 2174 2079
f 1667 1700 1842
f 716 973 972
f 2496 2499 2503
f 1019 1020 1139
f 2170 3276 3275
f 12 20 19
f 239 636 3604
f 938 964 1042
f 434 482 583
f 983 984 1067
f 3478 3539 3626
f 440 628 489
f 3460 3461 3474
f 2028 2066 2072
f 3028 3117 3080
f 1163 1299 1210
f 1431 1501 1538
f 2032 2074 2097
f 444 477 699
f 2975 3103 3119
f 60 63 65
f 2107 2145 2108
f 1756 1812 1764
f 1152 1375 1191
f 42 297 265
f 1167 1248 1306
f 208 652 428
f 1104 1260 1252
f 438 627 487
f 1021 1022 1123
f 1205 1306 1291
f 1533 1580 1555
f 2200 2350 2386
f 1325 1334 1332
f 3056 3116 3245
f 2268 2282 2274
f 1330 1331 1496
f 14 54 34
f 2839 2978 3063
f 191 215 203
f 173 177 174
f 3431 3587 3586
f 1509 1536 1582
f 2325 2338 2362
f 2341 2344 2352
f 1524 1538 1608
f 639 753 697
f 216 237 217
f 825 980 855
f 3434 3454 3467
f 570 579 675
f 771 852 929
f 1849 1889 1904
f 208 317 289
f 3551 3564 3558
f 2057 2415 2388
f 3454 3472 3467
f 1010 1024 1023
f 981 982 1067
f 2293 2357 2577
f 3371 3373 3378
f 1754 1764 1812
f 2953 2971 3116
f 1109 1134 1133
f 22 803 804
f 3081 3118 3103
f 3425 3507 3506
f 3357 3358 3626
f 719 812 745
f 173 176 177
f 1843 1973 1981
f 1876 1968 1888
f 3181 3191 3299
f 3068 3111 3093
f 683 971 685
f 2839 3063 3087
f 2339 2346 2345
f 3452 3467 3470
f 922 1454 2012
f 1741 1757 1756
f 1840 1849 1876
f 8 30 46
f 1174 1231 1175
f 3055 3244 3095
f 3276 3277 3281
f 966 978 976
f 2178 2187 2183
f 1905 1915 1910
f 2747 2840 2839
f 1381 1413 1392
f 2171 2276 2332
f 2071 2107 2084
f 217 288 285
f 2984 2987 3055
f 2118 2185 2376
f 3282 3309 3288
f 2095 2157 2111
f 209 210 232
f 2106 2175 2115
f 54 153 99
f 1121 1168 1214
f 1765 1807 1774
f 1895 1900 1927
f 550 581 633
f 2055 2136 2149
f 210 249 260
f 3477 3634 3544
f 3203 3237 3240
f 402 479 507
f 1846 1982 1985
f 3302 3356 3355
f 771 881 875
f 2073 2095 2096
f 197 355 392
f 1502 1682 1515
f 2200 2386 2390
f 3302 3323 3335
f 550 665 581
f 1844 1851 1894
f 636 3518 3604
f 290 333 385
f 725 904 905
f 2032 2449 2050
f 2792 2845 2860
f 2333 3235 3201
f 1381 1391 1434
f 3386 3387 3466
f 3412 3423 3467
f 1506 1534 1571
f 3431 3586 3499
f 627 781 713
f 675 720 731
f 1756 1764 1821
f 3114 3252 3115
f 2101 2449 2161
f 2169 2170 2502
f 1121 1214 1189
f 1175 1192 1176
f 2263 2349 2369
f 210 260 278
f 2476 3419 2767
f 1157 1182 1183
f 950 975 976
f 3462 3475 3633
f 1157 1183 1184
f 899 1198 1217
f 1133 1188 1212
f 2066 2067 2072
f 2987 2988 3058
f 2087 2391 2423
f 2090 2102 2200
f 3519 3598 3630
f 1479 1480 1486
f 2095 2195 2157
f 1655 1877 1899
f 2968 2972 3058
f 3253 3278 3255
f 2431 2442 2435
f 68 706 1838
f 1332 1334 1380
f 1634 1665 1666
f 340 1118 1163
f 170 2285 1972
f 1121 1122 1153
f 1931 1951 1952
f 3438 3561 3439
f 1555 1580 1707
f 2264 2292 2277
f 3177 3299 3191
f 3269 3303 3270
f 216 758 744
f 2015 2095 2032
f 2415 2769 2485
f 1553 1588 1567
f 3568 3583 3573
f 2234 2262 2242
f 103 104 127
f 2262 2297 2311
f 2320 3203 3240
f 3613 3614 3621
f 3585 3629 3586
f 767 852 771
f 2091 2200 2103
f 629 649 669
f 722 735 749
f 285 288 308
f 62 2484 2477
f 402 519 508
f 340 994 1058
f 216 829 758
f 647 678 677
f 1501 1585 1538
f 913 914 925
f 3479 3569 3574
f 3423 3434 3467
f 1663 1704 1705
f 3302 3339 3347
f 1688 1726 1690
f 3050 3274 3113
f 78 81 79
f 3279 3282 3288
f 278 341 511
f 3055 3096 3244
f 3467 3520 3510
f 3563 3626 3628
f 2618 2769 2806
f 1515 1580 1533
f 1743 1744 1759
f 259 610 608
f 1741 1756 1821
f 22 804 841
f 6 1266 1308
f 1849 1866 1889
f 773 963 964
f 1057 2227 1162
f 3527 3533 3633
f 1133 1134 1188
f 2032 2112 2158
f 3544 3634 3549
f 3141 3143 3157
f 2361 2433 2446
f 3350 3626 3358
f 904 916 915
f 2241 2269 2275
f 2196 2254 2449
f 1978 1991 1983
f 2487 2498 2488
f 461 490 512
f 3561 3626 3563
f 1067 1296 1090
f 768 771 875
f 2226 2240 2247
f 584 710 777
f 2024 2025 2033
f 105 129 106
f 2167 2175 2174
f 2259 2366 2344
f 3476 3624 3528
f 2191 2294 2194
f 2260 2280 2428
f 905 915 913
f 1461 1492 1474
f 3410 3467 3421
f 68 1838 2153
f 1854 1878 1860
f 717 752 718
f 2406 2412 2411
f 3458 3464 3466
f 1354 1464 1481
f 2046 2093 2100
f 348 2289 521
f 3539 3550 3626
f 1516 1517 1518
f 245 307 287
f 3310 3634 3477
f 2839 2898 2978
f 1073 1205 1138
f 935 962 963
f 52 87 94
f 3410 3412 3467
f 1875 2133 2125
f 2983 3053 3002
f 3302 3348 3343
f 1369 1527 1499
f 1401 1433 1411
f 1018 1172 1043
f 2035 2048 2095
f 991 1013 1032
f 1250 1345 1344
f 2485 2769 2618
f 2032 2097 2112
f 68 2100 772
f 2057 2769 2415
f 3370 3373 3371
f 2956 2975 2990
f 2261 2296 2297
f 2103 2200 2120
f 1102 1284 1293
f 675 704 720
f 1473 1535 1604
f 2942 2943 2954
f 990 1013 991
f 2028 2072 2104
f 1665 1753 1733
f 214 243 294
f 238 267 266
f 1129 1162 1186
f 3330 3332 3334
f 699 891 725
f 3277 3287 3281
f 1657 1671 1658
f 197 393 355
f 2968 2987 3058
f 2200 2249 2321
f 439 488 628
f 2087 2508 2712
f 2028 2106 2115
f 348 2377 2289
f 2975 3057 3059
f 1173 1231 1174
f 2194 2202 2203
f 2032 2069 2074
f 68 2153 2484
f 538 540 539
f 1345 1355 1379
f 1268 1310 1283
f 1521 2045 1557
f 4 1472 1309
f 3606 3608 3619
f 2200 2351 2322
f 2042 2064 2084
f 1845 1853 1913
f 823 854 946
f 914 915 916
f 4 2045 1472
f 3492 3496 3497
f 163 362 202
f 2082 2084 2092
f 1204 1263 1247
f 22 909 803
f 2839 3087 3062
f 205 552 535
f 158 311 219
f 471 499 500
f 1906 1912 1916
f 979 981 1067
f 901 1077 943
f 1197 1199 1387
f 1040 1102 1041
f 1619 1620 1639
f 2217 2231 2224
f 2169 2502 3288
f 1025 1077 1045
f 2917 3131 3299
f 2227 2248 2243
f 678 841 804
f 1096 1133 1108
f 1347 1467 1355
f 3259 3263 3266
f 923 1006 960
f 2225 2448 2397
f 2948 2965 2967
f 2301 2358 2359
f 1571 1643 1591
f 367 602 941
f 563 582 573
f 1345 1432 1355
f 4 1309 1267
f 1846 1985 1986
f 113 134 154
f 1536 1829 1654
f 205 539 540
f 2767 3419 3408
f 105 1880 2234
f 3577 3578 3594
f 668 711 695
f 969 973 974
f 2228 3249 2229
f 3372 3626 3377
f 2839 2916 2872
f 491 723 575
f 49 50 55
f 1840 1876 1841
f 2290 2314 2304
f 2966 2968 3055
f 1043 1169 1076
f 2394 2402 2449
f 1133 1223 1211
f 581 862 907
f 1471 1491 2767
f 3408 3419 3417
f 290 300 333
f 3302 3355 3348
f 205 535 537
f 963 1087 964
f 855 980 986
f 652 654 672
f 675 694 682
f 1332 1347 1356
f 240 341 278
f 2393 3302 2402
f 1993 2142 2166
f 2163 2199 2200
f 3344 3349 3369
f 584 776 709
f 3586 3629 3601
f 1714 1776 1781
f 3431 3497 3587
f 3421 3467 3433
f 1296 1313 1329
f 1789 1833 1801
f 1108 1133 1146
f 2520 2555 2557
f 1845 1900 1895
f 3525 3533 3527
f 2333 3234 3235
f 1894 1898 1959
f 9 11 13
f 111 265 192
f 1623 1668 1712
f 2359 2365 2428
f 402 508 495
f 2046 2100 2049
f 1008 1022 1021
f 964 1214 1228
f 2574 2839 2600
f 2990 3059 3060
f 2254 2331 2449
f 1089 1090 1250
f 8 46 67
f 112 128 132
f 245 264 307
f 2191 2358 2294
f 1016 1102 1040
f 941 1020 1019
f 1772 1789 1829
f 2399 2418 2632
f 2301 2359 2428
f 490 631 723
f 2595 2596 2773
f 896 909 932
f 3340 3396 3404
f 402 455 479
f 6 1308 2767
f 1088 1103 1113
f 1498 1534 1506
f 628 783 715
f 1434 1469 1444
f 725 891 904
f 1083 1160 1221
f 3467 3502 3470
f 1771 1778 1801
f 1940 1957 1948
f 1789 1801 1829
f 2064 2065 2066
f 205 537 539
f 639 697 640
f 1265 1282 1307
f 516 576 555
f 68 2016 2049
f 165 378 613
f 2028 2105 2106
f 1604 1754 1812
f 2338 2426 2362
f 3055 3058 3101
f 1142 1216 1198
f 1171 1231 1173
f 2941 2942 2972
f 43 47 48
f 1248 1317 1306
f 1051 1061 1133
f 2400 2407 2409
f 842 961 935
f 2451 2490 2489
f 2120 2200 2164
f 1539 1540 1550
f 2987 3058 3055
f 22 932 909
f 2839 3062 3012
f 3137 3139 3155
f 2379 2394 2449
f 2024 2145 2107
f 3408 3417 3416
f 1816 1883 1817
f 3585 3586 3587
f 2038 2039 2042
f 2095 2111 2096
f 902 981 979
f 1381 1434 1444
f 2192 2320 3240
f 1654 1778 1771
f 1177 1193 1178
f 944 1157 1184
f 1612 1622 1613
f 3609 3618 3611
f 1826 1845 1913
f 2233 2241 2261
f 1674 1717 1682
f 1346 1356 1357
f 1496 1504 1503
f 1855 1863 1862
f 107 247 121
f 3610 3612 3620
f 2204 2209 2213
f 675 721 694
f 2140 2179 2189
f 1863 1872 1874
f 27 111 112
f 261 296 295
f 3230 3321 3232
f 14 77 56
f 3408 3416 3418
f 1181 1195 1182
f 1775 1815 1795
f 2303 2312 2319
f 989 1104 1252
f 3302 3347 3356
f 2170 3275 2502
f 3475 3527 3633
f 1181 1194 1195
f 675 732 721
f 1009 1177 1178
f 3095 3244 3243
f 2190 2191 2194
f 53 54 56
f 937 1152 962
f 2014 2095 2015
f 1113 1274 1258
f 2937 3001 3051
f 2081 2200 2091
f 964 1228 1269
f 3575 3576 3593
f 1590 1622 1651
f 1749 1790 1757
f 3231 3298 3322
f 1843 1981 1982
f 2943 2955 2954
f 914 916 1054
f 3117 3609 3118
f 1331 1344 1343
f 865 989 991
f 1070 1133 1096
f 628 714 782
f 2253 3302 2330
f 1642 1651 1704
f 1195 1513 1233
f 1252 1260 1261
f 338 387 402
f 110 608 1012
f 1922 1923 1970
f 2127 2128 2136
f 2200 2250 2201
f 302 402 319
f 2307 2399 2316
f 945 1197 1158
f 1530 1576 1577
f 2051 2060 2055
f 1931 1952 1933
f 817 1063 853
f 1990 2165 2141
f 1534 1544 1571
f 1783 1798 1797
f 170 1972 1914
f 2425 2434 2438
f 462 521 491
f 1879 1902 1891
f 3310 3477 3464
f 1466 1487 1482
f 3438 3626 3561
f 1012 1025 1026
f 3302 3335 3339
f 3433 3467 3452
f 2054 2056 2063
f 912 985 984
f 1621 1642 1704
f 1716 1737 1746
f 1015 1110 1247
f 68 772 706
f 2133 2206 2244
f 1941 1949 1960
f 3275 3279 3288
f 20 192 204
f 2153 2169 2484
f 2839 2840 2898
f 9 13 15
f 96 248 140
f 2371 3248 3249
f 2200 2322 2250
f 936 1171 1151
f 388 402 431
f 2265 2279 2293
f 3467 3512 3522
f 1066 1089 1078
f 149 170 155
f 2203 2435 2308
f 428 652 672
f 2493 2500 2494
f 1194 1513 1195
f 220 275 376
f 1297 1348 1335
f 2064 2071 2084
f 3553 3560 3566
f 1033 1049 1119
f 311 598 375
f 3507 3629 3585
f 2767 3408 3418
f 2972 2973 3058
f 2137 2273 2150
f 1277 1393 1370
f 3172 3181 3299
f 3584 3585 3587
f 2541 2591 2580
f 2564 3568 2566
f 1151 1173 1174
f 1700 1711 1842
f 581 907 840
f 1055 1092 1208
f 2246 2449 2374
f 822 1065 854
f 2030 2034 2031
f 2340 2348 2347
f 678 922 841
f 1193 1513 1194
f 914 1054 925
f 1609 1617 1627
f 3526 3528 3533
f 719 836 812
f 2935 3067 2998
f 485 2366 2240
f 1170 1206 1230
f 26 28 27
f 1754 1755 1764
f 232 303 485
f 989 1252 990
f 1364 1423 1535
f 583 708 775
f 2975 3119 3057
f 2370 2478 2371
f 2937 3274 3050
f 2127 2425 2278
f 2941 2971 2953
f 2323 2325 2326
f 757 763 828
f 3298 3317 3322
f 202 362 397
f 340 849 994
f 581 665 770
f 1845 1895 1853
f 2287 2313 2288
f 967 975 971
f 54 79 153
f 912 951 985
f 1457 1538 1524
f 3466 3479 3469
f 1756 1757 1812
f 1258 1274 1354
f 904 915 905
f 2983 3605 3219
f 3567 3572 3582
f 3310 3464 3458
f 1797 1810 1799
f 3055 3101 3096
f 1594 1668 1623
f 1250 1331 1330
f 1978 1992 1991
f 2497 2504 2501
f 1512 1548 1561
f 2050 2449 2101
f 663 676 771
f 2924 2950 2949
f 2769 3014 2806
f 3474 3526 3525
f 1161 1277 1370
f 3231 3233 3298
f 2135 2276 2171
f 1590 1651 1786
f 3246 3254 3256
f 2220 2225 2232
f 2123 2138 2139
f 719 745 744
f 1025 1141 1125
f 1650 1663 1705
f 1151 1171 1173
f 1567 1588 1601
f 1332 1380 1347
f 903 983 982
f 3052 3055 3095
f 3349 3372 3369
f 2369 2385 2377
f 990 1252 1013
f 340 994 919
f 14 56 54
f 1504 1514 1517
f 1308 1471 2767
f 1558 1665 1575
f 2484 3288 3561
f 639 978 753
f 2378 3302 2393
f 3140 3156 3142
f 341 512 511
f 3467 3510 3502
f 931 1075 1006
f 1152 1191 1190
f 101 135 114
f 2975 3103 3060
f 803 909 896
f 2975 3059 2990
f 2330 3302 2378
f 341 409 512
f 864 987 872
f 2200 2390 2387
f 2454 2491 2492
f 1710 1712 1803
f 1074 1167 1306
f 900 1182 1157
f 1091 1114 1104
f 1453 2767 1491
f 38 112 111
f 3444 3469 3481
f 3436 3439 3561
f 1546 1558 2013
f 2116 2383 2515
f 2926 2975 2956
f 208 428 372
f 3603 3615 3604
f 1278 2369 1298
f 140 248 275
f 934 1042 964
f 1681 1813 1765
f 1180 1194 1181
f 2662 2839 2715
f 3057 3101 3059
f 630 637 648
f 2968 3058 3055
f 1776 1837 1781
f 402 507 519
